repo_path,repo_sha256,archive_path,match_status
Canada_analysis/01_data_process.R,84b15a711b846f3e929ae572692fff5dfd91cc94fa15f414f171231b517c5890,North_America/sex-stratified/Canada/data_process.R,exact_match
Canada_analysis/02_analysis.R,aa008d07f848ac8c4e674507787aeb48c44233c5191c1744a16c082d729c80e5,North_America/sex-stratified/Canada/script_server.R,exact_match
Canada_analysis/03_plot_aggregate.R,2386897af5cbe5f03179645aad7deb9140ee47bd45b2ba32bdf76bf1da57bb22,North_America/sex-stratified/Canada/plot_aggregate.R,exact_match
Canada_analysis/04_plot_map.R,c153125347a8ddbdad237b74a406cfa5852dfff34245f147f0eea230437aa10b,North_America/sex-stratified/Canada/plot_map.R,exact_match
Canada_analysis/05_plot_series.R,efac350d94613e4e21db493d3180dcada4330d927b52d7fd1bc1816c0411124e,North_America/sex-stratified/Canada/plot_series.R,exact_match
Canada_analysis/06_pscore_diff.R,e4ba2ac1605de2e80e9412f25887caf23292e4e78b12e23f47caa62579ca3ea0,North_America/sex-stratified/Canada/pscore_diff.R,exact_match
Canada_analysis/function.R,8321deacdd43e4c48ff806f1f49c22627f8107f8ccf95604f73b44160f0d97e7,North_America/sex-stratified/Canada/function.R,exact_match
Canada_analysis/non_sex_stratified/01_data_process.R,e28bdbd7a4f6ef21a0bb6f2bd24223ee157abc71367c9937d6e8db49a746622e,North_America/non-stratified/Canada/data_process.R,exact_match
Canada_analysis/non_sex_stratified/02_analysis.R,cf0f0fb189c7753d0804e8862d0fa09c56964ef01c52ca0c95dc6a5cfa48946c,North_America/non-stratified/Canada/script_server.R,exact_match
Canada_analysis/non_sex_stratified/03_plot_aggregate.R,644a0a02168cb91382f29eff7e632a1456c4f7824942feff6121083c6af94da5,North_America/non-stratified/Canada/plot_aggregate.R,exact_match
Canada_analysis/non_sex_stratified/04_plot_series.R,da36faf25abbc9f7a96db9ab3d5c7ddcacc37aacfd1e76f486cd7f237dff391d,North_America/non-stratified/Canada/plot_series.R,exact_match
Canada_analysis/non_sex_stratified/05_plot_map.R,fce908a485f7b9af1d9dd5ee9763a5c00ce2e57b4229c9771816f092f23b4835,North_America/non-stratified/Canada/plot_map.R,exact_match
Canada_analysis/non_sex_stratified/function.R,61f8ce621b63772fd4e178becdd4f141586bf2a91c4a72cc6f6eb17f8c71c463,North_America/non-stratified/Canada/function.R,exact_match
EU_analysis/01_analysis.R,601e99c7d711c5478157c2b333c1fa66069f97b48978e23d670818252f3be131,NA,no_exact_match
EU_analysis/02_combine_output.R,2d7ec3b9946187b3de2f0e467913a8ebb0897bde4042114f1f956c89f017efc3,Europe/stratified/combined_result.R,exact_match
EU_analysis/03_plot_map.R,8b61c264fd6c5a469f9268b75cf9a584fa3286b3ce931a12674075138deb850f,Europe/stratified/script/plot_map.R,exact_match
EU_analysis/04_plot_series.R,eeecae505c4231bd3ae78048babedd421ddd070f5676208ce12c048b77f98e02,Europe/stratified/script/plot_series.R,exact_match
EU_analysis/05_prepare_table.R,2bc6a9ae42973f7f2591f424ca01f15683c9d504f71baaf58ca154b9279ed689,NA,no_exact_match
EU_analysis/06_pscore_diff.R,03ee1765c2daca111b5db8498bd3b815fa3077ce1cd083dc79424c27a466cacb,Europe/stratified/script/pscore_diff.R,exact_match
EU_analysis/07_plot_p_score_aggregated.R,b81db73f2d085c62441395a16dc4550cbe84a486a20283b8a600f6c9e714dda4,Europe/non_stratified/plot_p_score_aggregated.R,exact_match
EU_analysis/function.R,efd4c69c3e692d1c902f0a843202bb6b18db539f6fc6ce00f9b3fbf15c70c677,Europe/stratified/script/function.R,exact_match
EU_analysis/tut.cpp,08576ddaabd19100115aecc362bbea01b9ed9f2ab904db1384b4ba6f14272ecd,Europe/non_stratified/tut.cpp,exact_match
EU_analysis/tut.cpp,08576ddaabd19100115aecc362bbea01b9ed9f2ab904db1384b4ba6f14272ecd,Europe/stratified/tut.cpp,exact_match
EU_analysis/tut.cpp,08576ddaabd19100115aecc362bbea01b9ed9f2ab904db1384b4ba6f14272ecd,UK/tut.cpp,exact_match
UK_analysis/01_data_process.R,7449eadb7d415e25c2660ce33b35d056895a00664e49724afffefceb83bc11dd,UK/data_process.R,exact_match
UK_analysis/02_data_process_2021_2023.R,727752ebd7de5c3355748f4f0a45aaa31cfec512650165eee5662c52284823d9,UK/data_process_2021_2023.R,exact_match
UK_analysis/03_model_fit.R,8939209151ca5f3e5c82fbb6036ba81aa6c8a7c7aa509f2af8f5d683f12c2bc6,UK/model_fit.R,exact_match
UK_analysis/function.R,85a364b38413e0f7bcd83e8f777c9a816600880e33dc70bd5a406dbf3a583ba5,UK/function.R,exact_match
UK_analysis/tut.cpp,08576ddaabd19100115aecc362bbea01b9ed9f2ab904db1384b4ba6f14272ecd,Europe/non_stratified/tut.cpp,exact_match
UK_analysis/tut.cpp,08576ddaabd19100115aecc362bbea01b9ed9f2ab904db1384b4ba6f14272ecd,Europe/stratified/tut.cpp,exact_match
UK_analysis/tut.cpp,08576ddaabd19100115aecc362bbea01b9ed9f2ab904db1384b4ba6f14272ecd,UK/tut.cpp,exact_match
USA_analysis/01_data_process.R,e20a8997549867a39494f721372d980a7d1b26f8d0b953d4227d9395ab5b7a9e,North_America/sex-stratified/USA/data_process.R,exact_match
USA_analysis/02_analysis.R,eab01495a6180644a4fbb238c12442c483a11df278fe9e72c40a96207809281f,North_America/sex-stratified/USA/script_server.R,exact_match
USA_analysis/03_plot_aggregate.R,5ae1f1b341c721115cdaf1c1b70434689ca47a5301f0e2f107557b913a1bb7a2,North_America/sex-stratified/USA/plot_aggregate.R,exact_match
USA_analysis/04_plot_map.R,7980013a147c536b4c2f9874cc1094592324f4a18740bcd1afe58aeb634a3a99,North_America/sex-stratified/USA/plot_map.R,exact_match
USA_analysis/05_plot_series.R,27e4c75335d05003e7eea93fd66ea678c95e7d2ffb361db7e5ee742a9db5a100,North_America/sex-stratified/USA/plot_series.R,exact_match
USA_analysis/06_prepare_table.R,9e4d174aff6124eef9052bb54776e007c10499c0c0b56bb35ae4dbc8d451088a,NA,no_exact_match
USA_analysis/07_pscore_diff.R,2f4436931ace8ced050e2e62b109aee5ede0c6be841dc7a560dec1ee44c7488b,North_America/sex-stratified/USA/pscore_diff.R,exact_match
USA_analysis/function.R,f201bd86a5af29b8979e56bc8fec555fa8161751ed1cd0b4d350ca83d3071b19,NA,no_exact_match
USA_analysis/non_sex_stratified/01_data_process.R,12c15f0e61b134d1e02c6ddfc13c63027c27ef2c43ea2af47f47279b904e2851,North_America/non-stratified/USA/data_process.R,exact_match
USA_analysis/non_sex_stratified/02_analysis.R,d534a6f40996483245099e60380db6a5ff1edf157ea7e51ce3bcdab7aadddec7,North_America/non-stratified/USA/script_server.R,exact_match
USA_analysis/non_sex_stratified/03_plot_aggregate.R,69015e5c022c0ea8f053d0d7aa53ee2cceaef941b921098a851be4087760d12b,North_America/non-stratified/USA/plot_aggregate.R,exact_match
USA_analysis/non_sex_stratified/04_plot_map.R,91ab9fd520b16baf32e5e853ce0ccd4662f5b46ce7bd41bb90ef1c96ffce8aff,North_America/non-stratified/USA/plot_map.R,exact_match
USA_analysis/non_sex_stratified/05_plot_series.R,c0d1cca784703f9ac3457e338dde5404d80bac0bded70aea9a8058e9e6491a48,North_America/non-stratified/USA/plot_series.R,exact_match
USA_analysis/non_sex_stratified/06_plot_pscore_aggregated.R,474423a2960f2a63d227fec0e332cdf91fd7b45d133e27ddd537fe6235867151,North_America/non-stratified/USA/plot_pscore_aggregated.R,exact_match
USA_analysis/non_sex_stratified/function.R,a8b893604a6b27b140d5bfc72c1f6d158cd6acf9d63654d3e3c5a6aa1283a7d7,North_America/non-stratified/USA/function.R,exact_match
ireland_analysis/01_data_process.R,8b3239f5bd2c606d2af3923b8a25ab005ddb7bcb859efb1d7a751e1b47fc7f34,Ireland/data_process.R,exact_match
ireland_analysis/02_script_IE.R,8202aed8e07973f51d336a129afbf3a4f36cefadc62425b96f942eee4afd0615,Ireland/script_IE.R,exact_match
ireland_analysis/function.R,06d7abb4f6dfd9ccc614c7370ade779d36c5375a71085e8f143cea0e1e4b034c,Ireland/IE_result/function.R,exact_match
ireland_analysis/function.R,06d7abb4f6dfd9ccc614c7370ade779d36c5375a71085e8f143cea0e1e4b034c,Ireland/function.R,exact_match
ireland_analysis/mixed.cpp,8876a32b0b150b6599e71d78238297e5c4273f5f4f4f5dadd2dfcda1ec0b2a96,Ireland/IE_result/mixed.cpp,exact_match
ireland_analysis/mixed.cpp,8876a32b0b150b6599e71d78238297e5c4273f5f4f4f5dadd2dfcda1ec0b2a96,Ireland/mixed.cpp,exact_match
scripts/build_provenance_manifest.R,976f1c80a6e5142019ef7f09ab4c1b48aadfdb6b75005da44fbaaa5d69575e39,NA,no_exact_match
tests/testthat/test-provenance.R,ced3f899f258c1062a6a3d7ec1e43a254b86f11a88fcd3c963f88fb90c672fd9,NA,no_exact_match
