analysis_id,region,jurisdiction,age_group,sex,included,exclusion_reason,data_start,data_end,n_observations,missing_or_suppressed
us__us-non-sex__alabama__20-39__total,us_non_sex,Alabama,20-39,total,TRUE,,1999-01-31,2023-08-31,296,0
us__us-non-sex__alabama__40-59__total,us_non_sex,Alabama,40-59,total,TRUE,,1999-01-31,2023-08-31,296,0
us__us-non-sex__alabama__60-79__total,us_non_sex,Alabama,60-79,total,TRUE,,1999-01-31,2023-08-31,296,0
us__us-non-sex__alabama__ge80__total,us_non_sex,Alabama,GE80,total,TRUE,,1999-01-31,2023-08-31,296,0
us__us-non-sex__alaska__20-39__total,us_non_sex,Alaska,20-39,total,TRUE,,1999-02-28,2023-08-31,160,136
us__us-non-sex__alaska__40-59__total,us_non_sex,Alaska,40-59,total,TRUE,,1999-01-31,2023-08-31,296,0
us__us-non-sex__alaska__60-79__total,us_non_sex,Alaska,60-79,total,TRUE,,1999-01-31,2023-08-31,296,0
us__us-non-sex__alaska__ge80__total,us_non_sex,Alaska,GE80,total,TRUE,,1999-01-31,2023-08-31,296,0
us__us-non-sex__arizona__20-39__total,us_non_sex,Arizona,20-39,total,TRUE,,1999-01-31,2023-08-31,296,0
us__us-non-sex__arizona__40-59__total,us_non_sex,Arizona,40-59,total,TRUE,,1999-01-31,2023-08-31,296,0
us__us-non-sex__arizona__60-79__total,us_non_sex,Arizona,60-79,total,TRUE,,1999-01-31,2023-08-31,296,0
us__us-non-sex__arizona__ge80__total,us_non_sex,Arizona,GE80,total,TRUE,,1999-01-31,2023-08-31,296,0
us__us-non-sex__arkansas__20-39__total,us_non_sex,Arkansas,20-39,total,TRUE,,1999-01-31,2023-08-31,296,0
us__us-non-sex__arkansas__40-59__total,us_non_sex,Arkansas,40-59,total,TRUE,,1999-01-31,2023-08-31,296,0
us__us-non-sex__arkansas__60-79__total,us_non_sex,Arkansas,60-79,total,TRUE,,1999-01-31,2023-08-31,296,0
us__us-non-sex__arkansas__ge80__total,us_non_sex,Arkansas,GE80,total,TRUE,,1999-01-31,2023-08-31,296,0
us__us-non-sex__california__20-39__total,us_non_sex,California,20-39,total,TRUE,,1999-01-31,2023-08-31,296,0
us__us-non-sex__california__40-59__total,us_non_sex,California,40-59,total,TRUE,,1999-01-31,2023-08-31,296,0
us__us-non-sex__california__60-79__total,us_non_sex,California,60-79,total,TRUE,,1999-01-31,2023-08-31,296,0
us__us-non-sex__california__ge80__total,us_non_sex,California,GE80,total,TRUE,,1999-01-31,2023-08-31,296,0
us__us-non-sex__colorado__20-39__total,us_non_sex,Colorado,20-39,total,TRUE,,1999-01-31,2023-08-31,296,0
us__us-non-sex__colorado__40-59__total,us_non_sex,Colorado,40-59,total,TRUE,,1999-01-31,2023-08-31,296,0
us__us-non-sex__colorado__60-79__total,us_non_sex,Colorado,60-79,total,TRUE,,1999-01-31,2023-08-31,296,0
us__us-non-sex__colorado__ge80__total,us_non_sex,Colorado,GE80,total,TRUE,,1999-01-31,2023-08-31,296,0
us__us-non-sex__connecticut__20-39__total,us_non_sex,Connecticut,20-39,total,TRUE,,1999-01-31,2023-08-31,296,0
us__us-non-sex__connecticut__40-59__total,us_non_sex,Connecticut,40-59,total,TRUE,,1999-01-31,2023-08-31,296,0
us__us-non-sex__connecticut__60-79__total,us_non_sex,Connecticut,60-79,total,TRUE,,1999-01-31,2023-08-31,296,0
us__us-non-sex__connecticut__ge80__total,us_non_sex,Connecticut,GE80,total,TRUE,,1999-01-31,2023-08-31,296,0
us__us-non-sex__delaware__20-39__total,us_non_sex,Delaware,20-39,total,TRUE,,1999-01-31,2023-08-31,176,120
us__us-non-sex__delaware__40-59__total,us_non_sex,Delaware,40-59,total,TRUE,,1999-01-31,2023-08-31,296,0
us__us-non-sex__delaware__60-79__total,us_non_sex,Delaware,60-79,total,TRUE,,1999-01-31,2023-08-31,296,0
us__us-non-sex__delaware__ge80__total,us_non_sex,Delaware,GE80,total,TRUE,,1999-01-31,2023-08-31,296,0
us__us-non-sex__district-of-columbia__20-39__total,us_non_sex,District of Columbia,20-39,total,TRUE,,1999-01-31,2023-08-31,151,145
us__us-non-sex__district-of-columbia__40-59__total,us_non_sex,District of Columbia,40-59,total,TRUE,,1999-01-31,2023-08-31,296,0
us__us-non-sex__district-of-columbia__60-79__total,us_non_sex,District of Columbia,60-79,total,TRUE,,1999-01-31,2023-08-31,296,0
us__us-non-sex__district-of-columbia__ge80__total,us_non_sex,District of Columbia,GE80,total,TRUE,,1999-01-31,2023-08-31,296,0
us__us-non-sex__florida__20-39__total,us_non_sex,Florida,20-39,total,TRUE,,1999-01-31,2023-08-31,296,0
us__us-non-sex__florida__40-59__total,us_non_sex,Florida,40-59,total,TRUE,,1999-01-31,2023-08-31,296,0
us__us-non-sex__florida__60-79__total,us_non_sex,Florida,60-79,total,TRUE,,1999-01-31,2023-08-31,296,0
us__us-non-sex__florida__ge80__total,us_non_sex,Florida,GE80,total,TRUE,,1999-01-31,2023-08-31,296,0
us__us-non-sex__georgia__20-39__total,us_non_sex,Georgia,20-39,total,TRUE,,1999-01-31,2023-08-31,296,0
us__us-non-sex__georgia__40-59__total,us_non_sex,Georgia,40-59,total,TRUE,,1999-01-31,2023-08-31,296,0
us__us-non-sex__georgia__60-79__total,us_non_sex,Georgia,60-79,total,TRUE,,1999-01-31,2023-08-31,296,0
us__us-non-sex__georgia__ge80__total,us_non_sex,Georgia,GE80,total,TRUE,,1999-01-31,2023-08-31,296,0
us__us-non-sex__hawaii__20-39__total,us_non_sex,Hawaii,20-39,total,TRUE,,1999-01-31,2023-08-31,198,98
us__us-non-sex__hawaii__40-59__total,us_non_sex,Hawaii,40-59,total,TRUE,,1999-01-31,2023-08-31,296,0
us__us-non-sex__hawaii__60-79__total,us_non_sex,Hawaii,60-79,total,TRUE,,1999-01-31,2023-08-31,296,0
us__us-non-sex__hawaii__ge80__total,us_non_sex,Hawaii,GE80,total,TRUE,,1999-01-31,2023-08-31,296,0
us__us-non-sex__idaho__20-39__total,us_non_sex,Idaho,20-39,total,TRUE,,1999-02-28,2023-08-31,263,33
us__us-non-sex__idaho__40-59__total,us_non_sex,Idaho,40-59,total,TRUE,,1999-01-31,2023-08-31,296,0
us__us-non-sex__idaho__60-79__total,us_non_sex,Idaho,60-79,total,TRUE,,1999-01-31,2023-08-31,296,0
us__us-non-sex__idaho__ge80__total,us_non_sex,Idaho,GE80,total,TRUE,,1999-01-31,2023-08-31,296,0
us__us-non-sex__illinois__20-39__total,us_non_sex,Illinois,20-39,total,TRUE,,1999-01-31,2023-08-31,296,0
us__us-non-sex__illinois__40-59__total,us_non_sex,Illinois,40-59,total,TRUE,,1999-01-31,2023-08-31,296,0
us__us-non-sex__illinois__60-79__total,us_non_sex,Illinois,60-79,total,TRUE,,1999-01-31,2023-08-31,296,0
us__us-non-sex__illinois__ge80__total,us_non_sex,Illinois,GE80,total,TRUE,,1999-01-31,2023-08-31,296,0
us__us-non-sex__indiana__20-39__total,us_non_sex,Indiana,20-39,total,TRUE,,1999-01-31,2023-08-31,296,0
us__us-non-sex__indiana__40-59__total,us_non_sex,Indiana,40-59,total,TRUE,,1999-01-31,2023-08-31,296,0
us__us-non-sex__indiana__60-79__total,us_non_sex,Indiana,60-79,total,TRUE,,1999-01-31,2023-08-31,296,0
us__us-non-sex__indiana__ge80__total,us_non_sex,Indiana,GE80,total,TRUE,,1999-01-31,2023-08-31,296,0
us__us-non-sex__iowa__20-39__total,us_non_sex,Iowa,20-39,total,TRUE,,1999-01-31,2023-08-31,296,0
us__us-non-sex__iowa__40-59__total,us_non_sex,Iowa,40-59,total,TRUE,,1999-01-31,2023-08-31,296,0
us__us-non-sex__iowa__60-79__total,us_non_sex,Iowa,60-79,total,TRUE,,1999-01-31,2023-08-31,296,0
us__us-non-sex__iowa__ge80__total,us_non_sex,Iowa,GE80,total,TRUE,,1999-01-31,2023-08-31,296,0
us__us-non-sex__kansas__20-39__total,us_non_sex,Kansas,20-39,total,TRUE,,1999-01-31,2023-08-31,296,0
us__us-non-sex__kansas__40-59__total,us_non_sex,Kansas,40-59,total,TRUE,,1999-01-31,2023-08-31,296,0
us__us-non-sex__kansas__60-79__total,us_non_sex,Kansas,60-79,total,TRUE,,1999-01-31,2023-08-31,296,0
us__us-non-sex__kansas__ge80__total,us_non_sex,Kansas,GE80,total,TRUE,,1999-01-31,2023-08-31,296,0
us__us-non-sex__kentucky__20-39__total,us_non_sex,Kentucky,20-39,total,TRUE,,1999-01-31,2023-08-31,296,0
us__us-non-sex__kentucky__40-59__total,us_non_sex,Kentucky,40-59,total,TRUE,,1999-01-31,2023-08-31,296,0
us__us-non-sex__kentucky__60-79__total,us_non_sex,Kentucky,60-79,total,TRUE,,1999-01-31,2023-08-31,296,0
us__us-non-sex__kentucky__ge80__total,us_non_sex,Kentucky,GE80,total,TRUE,,1999-01-31,2023-08-31,296,0
us__us-non-sex__louisiana__20-39__total,us_non_sex,Louisiana,20-39,total,TRUE,,1999-01-31,2023-08-31,296,0
us__us-non-sex__louisiana__40-59__total,us_non_sex,Louisiana,40-59,total,TRUE,,1999-01-31,2023-08-31,296,0
us__us-non-sex__louisiana__60-79__total,us_non_sex,Louisiana,60-79,total,TRUE,,1999-01-31,2023-08-31,296,0
us__us-non-sex__louisiana__ge80__total,us_non_sex,Louisiana,GE80,total,TRUE,,1999-01-31,2023-08-31,296,0
us__us-non-sex__maine__20-39__total,us_non_sex,Maine,20-39,total,TRUE,,1999-01-31,2023-08-31,229,67
us__us-non-sex__maine__40-59__total,us_non_sex,Maine,40-59,total,TRUE,,1999-01-31,2023-08-31,296,0
us__us-non-sex__maine__60-79__total,us_non_sex,Maine,60-79,total,TRUE,,1999-01-31,2023-08-31,296,0
us__us-non-sex__maine__ge80__total,us_non_sex,Maine,GE80,total,TRUE,,1999-01-31,2023-08-31,296,0
us__us-non-sex__maryland__20-39__total,us_non_sex,Maryland,20-39,total,TRUE,,1999-01-31,2023-08-31,296,0
us__us-non-sex__maryland__40-59__total,us_non_sex,Maryland,40-59,total,TRUE,,1999-01-31,2023-08-31,296,0
us__us-non-sex__maryland__60-79__total,us_non_sex,Maryland,60-79,total,TRUE,,1999-01-31,2023-08-31,296,0
us__us-non-sex__maryland__ge80__total,us_non_sex,Maryland,GE80,total,TRUE,,1999-01-31,2023-08-31,296,0
us__us-non-sex__massachusetts__20-39__total,us_non_sex,Massachusetts,20-39,total,TRUE,,1999-01-31,2023-08-31,296,0
us__us-non-sex__massachusetts__40-59__total,us_non_sex,Massachusetts,40-59,total,TRUE,,1999-01-31,2023-08-31,296,0
us__us-non-sex__massachusetts__60-79__total,us_non_sex,Massachusetts,60-79,total,TRUE,,1999-01-31,2023-08-31,296,0
us__us-non-sex__massachusetts__ge80__total,us_non_sex,Massachusetts,GE80,total,TRUE,,1999-01-31,2023-08-31,296,0
us__us-non-sex__michigan__20-39__total,us_non_sex,Michigan,20-39,total,TRUE,,1999-01-31,2023-08-31,296,0
us__us-non-sex__michigan__40-59__total,us_non_sex,Michigan,40-59,total,TRUE,,1999-01-31,2023-08-31,296,0
us__us-non-sex__michigan__60-79__total,us_non_sex,Michigan,60-79,total,TRUE,,1999-01-31,2023-08-31,296,0
us__us-non-sex__michigan__ge80__total,us_non_sex,Michigan,GE80,total,TRUE,,1999-01-31,2023-08-31,296,0
us__us-non-sex__minnesota__20-39__total,us_non_sex,Minnesota,20-39,total,TRUE,,1999-01-31,2023-08-31,296,0
us__us-non-sex__minnesota__40-59__total,us_non_sex,Minnesota,40-59,total,TRUE,,1999-01-31,2023-08-31,296,0
us__us-non-sex__minnesota__60-79__total,us_non_sex,Minnesota,60-79,total,TRUE,,1999-01-31,2023-08-31,296,0
us__us-non-sex__minnesota__ge80__total,us_non_sex,Minnesota,GE80,total,TRUE,,1999-01-31,2023-08-31,296,0
us__us-non-sex__mississippi__20-39__total,us_non_sex,Mississippi,20-39,total,TRUE,,1999-01-31,2023-08-31,296,0
us__us-non-sex__mississippi__40-59__total,us_non_sex,Mississippi,40-59,total,TRUE,,1999-01-31,2023-08-31,296,0
us__us-non-sex__mississippi__60-79__total,us_non_sex,Mississippi,60-79,total,TRUE,,1999-01-31,2023-08-31,296,0
us__us-non-sex__mississippi__ge80__total,us_non_sex,Mississippi,GE80,total,TRUE,,1999-01-31,2023-08-31,296,0
us__us-non-sex__missouri__20-39__total,us_non_sex,Missouri,20-39,total,TRUE,,1999-01-31,2023-08-31,296,0
us__us-non-sex__missouri__40-59__total,us_non_sex,Missouri,40-59,total,TRUE,,1999-01-31,2023-08-31,296,0
us__us-non-sex__missouri__60-79__total,us_non_sex,Missouri,60-79,total,TRUE,,1999-01-31,2023-08-31,296,0
us__us-non-sex__missouri__ge80__total,us_non_sex,Missouri,GE80,total,TRUE,,1999-01-31,2023-08-31,296,0
us__us-non-sex__montana__20-39__total,us_non_sex,Montana,20-39,total,TRUE,,1999-06-30,2023-08-31,196,100
us__us-non-sex__montana__40-59__total,us_non_sex,Montana,40-59,total,TRUE,,1999-01-31,2023-08-31,296,0
us__us-non-sex__montana__60-79__total,us_non_sex,Montana,60-79,total,TRUE,,1999-01-31,2023-08-31,296,0
us__us-non-sex__montana__ge80__total,us_non_sex,Montana,GE80,total,TRUE,,1999-01-31,2023-08-31,296,0
us__us-non-sex__nebraska__20-39__total,us_non_sex,Nebraska,20-39,total,TRUE,,1999-01-31,2023-08-31,277,19
us__us-non-sex__nebraska__40-59__total,us_non_sex,Nebraska,40-59,total,TRUE,,1999-01-31,2023-08-31,296,0
us__us-non-sex__nebraska__60-79__total,us_non_sex,Nebraska,60-79,total,TRUE,,1999-01-31,2023-08-31,296,0
us__us-non-sex__nebraska__ge80__total,us_non_sex,Nebraska,GE80,total,TRUE,,1999-01-31,2023-08-31,296,0
us__us-non-sex__nevada__20-39__total,us_non_sex,Nevada,20-39,total,TRUE,,1999-01-31,2023-08-31,296,0
us__us-non-sex__nevada__40-59__total,us_non_sex,Nevada,40-59,total,TRUE,,1999-01-31,2023-08-31,296,0
us__us-non-sex__nevada__60-79__total,us_non_sex,Nevada,60-79,total,TRUE,,1999-01-31,2023-08-31,296,0
us__us-non-sex__nevada__ge80__total,us_non_sex,Nevada,GE80,total,TRUE,,1999-01-31,2023-08-31,296,0
us__us-non-sex__new-hampshire__20-39__total,us_non_sex,New Hampshire,20-39,total,TRUE,,1999-03-31,2023-08-31,198,98
us__us-non-sex__new-hampshire__40-59__total,us_non_sex,New Hampshire,40-59,total,TRUE,,1999-01-31,2023-08-31,296,0
us__us-non-sex__new-hampshire__60-79__total,us_non_sex,New Hampshire,60-79,total,TRUE,,1999-01-31,2023-08-31,296,0
us__us-non-sex__new-hampshire__ge80__total,us_non_sex,New Hampshire,GE80,total,TRUE,,1999-01-31,2023-08-31,296,0
us__us-non-sex__new-jersey__20-39__total,us_non_sex,New Jersey,20-39,total,TRUE,,1999-01-31,2023-08-31,296,0
us__us-non-sex__new-jersey__40-59__total,us_non_sex,New Jersey,40-59,total,TRUE,,1999-01-31,2023-08-31,296,0
us__us-non-sex__new-jersey__60-79__total,us_non_sex,New Jersey,60-79,total,TRUE,,1999-01-31,2023-08-31,296,0
us__us-non-sex__new-jersey__ge80__total,us_non_sex,New Jersey,GE80,total,TRUE,,1999-01-31,2023-08-31,296,0
us__us-non-sex__new-mexico__20-39__total,us_non_sex,New Mexico,20-39,total,TRUE,,1999-01-31,2023-08-31,296,0
us__us-non-sex__new-mexico__40-59__total,us_non_sex,New Mexico,40-59,total,TRUE,,1999-01-31,2023-08-31,296,0
us__us-non-sex__new-mexico__60-79__total,us_non_sex,New Mexico,60-79,total,TRUE,,1999-01-31,2023-08-31,296,0
us__us-non-sex__new-mexico__ge80__total,us_non_sex,New Mexico,GE80,total,TRUE,,1999-01-31,2023-08-31,296,0
us__us-non-sex__new-york__20-39__total,us_non_sex,New York,20-39,total,TRUE,,1999-01-31,2023-08-31,296,0
us__us-non-sex__new-york__40-59__total,us_non_sex,New York,40-59,total,TRUE,,1999-01-31,2023-08-31,296,0
us__us-non-sex__new-york__60-79__total,us_non_sex,New York,60-79,total,TRUE,,1999-01-31,2023-08-31,296,0
us__us-non-sex__new-york__ge80__total,us_non_sex,New York,GE80,total,TRUE,,1999-01-31,2023-08-31,296,0
us__us-non-sex__north-carolina__20-39__total,us_non_sex,North Carolina,20-39,total,TRUE,,1999-01-31,2023-08-31,296,0
us__us-non-sex__north-carolina__40-59__total,us_non_sex,North Carolina,40-59,total,TRUE,,1999-01-31,2023-08-31,296,0
us__us-non-sex__north-carolina__60-79__total,us_non_sex,North Carolina,60-79,total,TRUE,,1999-01-31,2023-08-31,296,0
us__us-non-sex__north-carolina__ge80__total,us_non_sex,North Carolina,GE80,total,TRUE,,1999-01-31,2023-08-31,296,0
us__us-non-sex__north-dakota__20-39__total,us_non_sex,North Dakota,20-39,total,TRUE,,1999-11-30,2023-08-31,72,224
us__us-non-sex__north-dakota__40-59__total,us_non_sex,North Dakota,40-59,total,TRUE,,1999-01-31,2023-08-31,296,0
us__us-non-sex__north-dakota__60-79__total,us_non_sex,North Dakota,60-79,total,TRUE,,1999-01-31,2023-08-31,296,0
us__us-non-sex__north-dakota__ge80__total,us_non_sex,North Dakota,GE80,total,TRUE,,1999-01-31,2023-08-31,296,0
us__us-non-sex__ohio__20-39__total,us_non_sex,Ohio,20-39,total,TRUE,,1999-01-31,2023-08-31,296,0
us__us-non-sex__ohio__40-59__total,us_non_sex,Ohio,40-59,total,TRUE,,1999-01-31,2023-08-31,296,0
us__us-non-sex__ohio__60-79__total,us_non_sex,Ohio,60-79,total,TRUE,,1999-01-31,2023-08-31,296,0
us__us-non-sex__ohio__ge80__total,us_non_sex,Ohio,GE80,total,TRUE,,1999-01-31,2023-08-31,296,0
us__us-non-sex__oklahoma__20-39__total,us_non_sex,Oklahoma,20-39,total,TRUE,,1999-01-31,2023-08-31,296,0
us__us-non-sex__oklahoma__40-59__total,us_non_sex,Oklahoma,40-59,total,TRUE,,1999-01-31,2023-08-31,296,0
us__us-non-sex__oklahoma__60-79__total,us_non_sex,Oklahoma,60-79,total,TRUE,,1999-01-31,2023-08-31,296,0
us__us-non-sex__oklahoma__ge80__total,us_non_sex,Oklahoma,GE80,total,TRUE,,1999-01-31,2023-08-31,296,0
us__us-non-sex__oregon__20-39__total,us_non_sex,Oregon,20-39,total,TRUE,,1999-01-31,2023-08-31,296,0
us__us-non-sex__oregon__40-59__total,us_non_sex,Oregon,40-59,total,TRUE,,1999-01-31,2023-08-31,296,0
us__us-non-sex__oregon__60-79__total,us_non_sex,Oregon,60-79,total,TRUE,,1999-01-31,2023-08-31,296,0
us__us-non-sex__oregon__ge80__total,us_non_sex,Oregon,GE80,total,TRUE,,1999-01-31,2023-08-31,296,0
us__us-non-sex__pennsylvania__20-39__total,us_non_sex,Pennsylvania,20-39,total,TRUE,,1999-01-31,2023-08-31,296,0
us__us-non-sex__pennsylvania__40-59__total,us_non_sex,Pennsylvania,40-59,total,TRUE,,1999-01-31,2023-08-31,296,0
us__us-non-sex__pennsylvania__60-79__total,us_non_sex,Pennsylvania,60-79,total,TRUE,,1999-01-31,2023-08-31,296,0
us__us-non-sex__pennsylvania__ge80__total,us_non_sex,Pennsylvania,GE80,total,TRUE,,1999-01-31,2023-08-31,296,0
us__us-non-sex__rhode-island__20-39__total,us_non_sex,Rhode Island,20-39,total,TRUE,,1999-01-31,2023-08-31,139,157
us__us-non-sex__rhode-island__40-59__total,us_non_sex,Rhode Island,40-59,total,TRUE,,1999-01-31,2023-08-31,296,0
us__us-non-sex__rhode-island__60-79__total,us_non_sex,Rhode Island,60-79,total,TRUE,,1999-01-31,2023-08-31,296,0
us__us-non-sex__rhode-island__ge80__total,us_non_sex,Rhode Island,GE80,total,TRUE,,1999-01-31,2023-08-31,296,0
us__us-non-sex__south-carolina__20-39__total,us_non_sex,South Carolina,20-39,total,TRUE,,1999-01-31,2023-08-31,296,0
us__us-non-sex__south-carolina__40-59__total,us_non_sex,South Carolina,40-59,total,TRUE,,1999-01-31,2023-08-31,296,0
us__us-non-sex__south-carolina__60-79__total,us_non_sex,South Carolina,60-79,total,TRUE,,1999-01-31,2023-08-31,296,0
us__us-non-sex__south-carolina__ge80__total,us_non_sex,South Carolina,GE80,total,TRUE,,1999-01-31,2023-08-31,296,0
us__us-non-sex__south-dakota__20-39__total,us_non_sex,South Dakota,20-39,total,TRUE,,1999-02-28,2023-08-31,100,196
us__us-non-sex__south-dakota__40-59__total,us_non_sex,South Dakota,40-59,total,TRUE,,1999-01-31,2023-08-31,296,0
us__us-non-sex__south-dakota__60-79__total,us_non_sex,South Dakota,60-79,total,TRUE,,1999-01-31,2023-08-31,296,0
us__us-non-sex__south-dakota__ge80__total,us_non_sex,South Dakota,GE80,total,TRUE,,1999-01-31,2023-08-31,296,0
us__us-non-sex__tennessee__20-39__total,us_non_sex,Tennessee,20-39,total,TRUE,,1999-01-31,2023-08-31,296,0
us__us-non-sex__tennessee__40-59__total,us_non_sex,Tennessee,40-59,total,TRUE,,1999-01-31,2023-08-31,296,0
us__us-non-sex__tennessee__60-79__total,us_non_sex,Tennessee,60-79,total,TRUE,,1999-01-31,2023-08-31,296,0
us__us-non-sex__tennessee__ge80__total,us_non_sex,Tennessee,GE80,total,TRUE,,1999-01-31,2023-08-31,296,0
us__us-non-sex__texas__20-39__total,us_non_sex,Texas,20-39,total,TRUE,,1999-01-31,2023-08-31,296,0
us__us-non-sex__texas__40-59__total,us_non_sex,Texas,40-59,total,TRUE,,1999-01-31,2023-08-31,296,0
us__us-non-sex__texas__60-79__total,us_non_sex,Texas,60-79,total,TRUE,,1999-01-31,2023-08-31,296,0
us__us-non-sex__texas__ge80__total,us_non_sex,Texas,GE80,total,TRUE,,1999-01-31,2023-08-31,296,0
us__us-non-sex__utah__20-39__total,us_non_sex,Utah,20-39,total,TRUE,,1999-01-31,2023-08-31,296,0
us__us-non-sex__utah__40-59__total,us_non_sex,Utah,40-59,total,TRUE,,1999-01-31,2023-08-31,296,0
us__us-non-sex__utah__60-79__total,us_non_sex,Utah,60-79,total,TRUE,,1999-01-31,2023-08-31,296,0
us__us-non-sex__utah__ge80__total,us_non_sex,Utah,GE80,total,TRUE,,1999-01-31,2023-08-31,296,0
us__us-non-sex__vermont__20-39__total,us_non_sex,Vermont,20-39,total,TRUE,,1999-07-31,2023-08-31,25,271
us__us-non-sex__vermont__40-59__total,us_non_sex,Vermont,40-59,total,TRUE,,1999-01-31,2023-08-31,296,0
us__us-non-sex__vermont__60-79__total,us_non_sex,Vermont,60-79,total,TRUE,,1999-01-31,2023-08-31,296,0
us__us-non-sex__vermont__ge80__total,us_non_sex,Vermont,GE80,total,TRUE,,1999-01-31,2023-08-31,296,0
us__us-non-sex__virginia__20-39__total,us_non_sex,Virginia,20-39,total,TRUE,,1999-01-31,2023-08-31,296,0
us__us-non-sex__virginia__40-59__total,us_non_sex,Virginia,40-59,total,TRUE,,1999-01-31,2023-08-31,296,0
us__us-non-sex__virginia__60-79__total,us_non_sex,Virginia,60-79,total,TRUE,,1999-01-31,2023-08-31,296,0
us__us-non-sex__virginia__ge80__total,us_non_sex,Virginia,GE80,total,TRUE,,1999-01-31,2023-08-31,296,0
us__us-non-sex__washington__20-39__total,us_non_sex,Washington,20-39,total,TRUE,,1999-01-31,2023-08-31,296,0
us__us-non-sex__washington__40-59__total,us_non_sex,Washington,40-59,total,TRUE,,1999-01-31,2023-08-31,296,0
us__us-non-sex__washington__60-79__total,us_non_sex,Washington,60-79,total,TRUE,,1999-01-31,2023-08-31,296,0
us__us-non-sex__washington__ge80__total,us_non_sex,Washington,GE80,total,TRUE,,1999-01-31,2023-08-31,296,0
us__us-non-sex__west-virginia__20-39__total,us_non_sex,West Virginia,20-39,total,TRUE,,1999-01-31,2023-08-31,296,0
us__us-non-sex__west-virginia__40-59__total,us_non_sex,West Virginia,40-59,total,TRUE,,1999-01-31,2023-08-31,296,0
us__us-non-sex__west-virginia__60-79__total,us_non_sex,West Virginia,60-79,total,TRUE,,1999-01-31,2023-08-31,296,0
us__us-non-sex__west-virginia__ge80__total,us_non_sex,West Virginia,GE80,total,TRUE,,1999-01-31,2023-08-31,296,0
us__us-non-sex__wisconsin__20-39__total,us_non_sex,Wisconsin,20-39,total,TRUE,,1999-01-31,2023-08-31,296,0
us__us-non-sex__wisconsin__40-59__total,us_non_sex,Wisconsin,40-59,total,TRUE,,1999-01-31,2023-08-31,296,0
us__us-non-sex__wisconsin__60-79__total,us_non_sex,Wisconsin,60-79,total,TRUE,,1999-01-31,2023-08-31,296,0
us__us-non-sex__wisconsin__ge80__total,us_non_sex,Wisconsin,GE80,total,TRUE,,1999-01-31,2023-08-31,296,0
us__us-non-sex__wyoming__20-39__total,us_non_sex,Wyoming,20-39,total,TRUE,,2001-04-30,2023-04-30,35,261
us__us-non-sex__wyoming__40-59__total,us_non_sex,Wyoming,40-59,total,TRUE,,1999-01-31,2023-08-31,296,0
us__us-non-sex__wyoming__60-79__total,us_non_sex,Wyoming,60-79,total,TRUE,,1999-01-31,2023-08-31,296,0
us__us-non-sex__wyoming__ge80__total,us_non_sex,Wyoming,GE80,total,TRUE,,1999-01-31,2023-08-31,296,0
us__us-sex__alabama__0-44__female,us_sex,Alabama,0-44,female,TRUE,,1999-01-31,2023-08-31,296,0
us__us-sex__alabama__0-44__male,us_sex,Alabama,0-44,male,TRUE,,1999-01-31,2023-08-31,296,0
us__us-sex__alabama__45-64__female,us_sex,Alabama,45-64,female,TRUE,,1999-01-31,2023-08-31,296,0
us__us-sex__alabama__45-64__male,us_sex,Alabama,45-64,male,TRUE,,1999-01-31,2023-08-31,296,0
us__us-sex__alabama__65-84__female,us_sex,Alabama,65-84,female,TRUE,,1999-01-31,2023-08-31,296,0
us__us-sex__alabama__65-84__male,us_sex,Alabama,65-84,male,TRUE,,1999-01-31,2023-08-31,296,0
us__us-sex__alabama__ge85__female,us_sex,Alabama,GE85,female,TRUE,,1999-01-31,2023-08-31,296,0
us__us-sex__alabama__ge85__male,us_sex,Alabama,GE85,male,TRUE,,1999-01-31,2023-08-31,296,0
us__us-sex__alaska__0-44__female,us_sex,Alaska,0-44,female,TRUE,,1999-02-28,2023-07-31,75,221
us__us-sex__alaska__0-44__male,us_sex,Alaska,0-44,male,TRUE,,1999-01-31,2023-08-31,251,45
us__us-sex__alaska__45-64__female,us_sex,Alaska,45-64,female,TRUE,,1999-01-31,2023-08-31,292,4
us__us-sex__alaska__45-64__male,us_sex,Alaska,45-64,male,TRUE,,1999-01-31,2023-08-31,296,0
us__us-sex__alaska__65-84__female,us_sex,Alaska,65-84,female,TRUE,,1999-01-31,2023-08-31,296,0
us__us-sex__alaska__65-84__male,us_sex,Alaska,65-84,male,TRUE,,1999-01-31,2023-08-31,296,0
us__us-sex__alaska__ge85__female,us_sex,Alaska,GE85,female,TRUE,,1999-01-31,2023-08-31,296,0
us__us-sex__alaska__ge85__male,us_sex,Alaska,GE85,male,TRUE,,1999-03-31,2023-08-31,279,17
us__us-sex__arizona__0-44__female,us_sex,Arizona,0-44,female,TRUE,,1999-01-31,2023-08-31,296,0
us__us-sex__arizona__0-44__male,us_sex,Arizona,0-44,male,TRUE,,1999-01-31,2023-08-31,296,0
us__us-sex__arizona__45-64__female,us_sex,Arizona,45-64,female,TRUE,,1999-01-31,2023-08-31,296,0
us__us-sex__arizona__45-64__male,us_sex,Arizona,45-64,male,TRUE,,1999-01-31,2023-08-31,296,0
us__us-sex__arizona__65-84__female,us_sex,Arizona,65-84,female,TRUE,,1999-01-31,2023-08-31,296,0
us__us-sex__arizona__65-84__male,us_sex,Arizona,65-84,male,TRUE,,1999-01-31,2023-08-31,296,0
us__us-sex__arizona__ge85__female,us_sex,Arizona,GE85,female,TRUE,,1999-01-31,2023-08-31,296,0
us__us-sex__arizona__ge85__male,us_sex,Arizona,GE85,male,TRUE,,1999-01-31,2023-08-31,296,0
us__us-sex__arkansas__0-44__female,us_sex,Arkansas,0-44,female,TRUE,,1999-01-31,2023-08-31,296,0
us__us-sex__arkansas__0-44__male,us_sex,Arkansas,0-44,male,TRUE,,1999-01-31,2023-08-31,296,0
us__us-sex__arkansas__45-64__female,us_sex,Arkansas,45-64,female,TRUE,,1999-01-31,2023-08-31,296,0
us__us-sex__arkansas__45-64__male,us_sex,Arkansas,45-64,male,TRUE,,1999-01-31,2023-08-31,296,0
us__us-sex__arkansas__65-84__female,us_sex,Arkansas,65-84,female,TRUE,,1999-01-31,2023-08-31,296,0
us__us-sex__arkansas__65-84__male,us_sex,Arkansas,65-84,male,TRUE,,1999-01-31,2023-08-31,296,0
us__us-sex__arkansas__ge85__female,us_sex,Arkansas,GE85,female,TRUE,,1999-01-31,2023-08-31,296,0
us__us-sex__arkansas__ge85__male,us_sex,Arkansas,GE85,male,TRUE,,1999-01-31,2023-08-31,296,0
us__us-sex__california__0-44__female,us_sex,California,0-44,female,TRUE,,1999-01-31,2023-08-31,296,0
us__us-sex__california__0-44__male,us_sex,California,0-44,male,TRUE,,1999-01-31,2023-08-31,296,0
us__us-sex__california__45-64__female,us_sex,California,45-64,female,TRUE,,1999-01-31,2023-08-31,296,0
us__us-sex__california__45-64__male,us_sex,California,45-64,male,TRUE,,1999-01-31,2023-08-31,296,0
us__us-sex__california__65-84__female,us_sex,California,65-84,female,TRUE,,1999-01-31,2023-08-31,296,0
us__us-sex__california__65-84__male,us_sex,California,65-84,male,TRUE,,1999-01-31,2023-08-31,296,0
us__us-sex__california__ge85__female,us_sex,California,GE85,female,TRUE,,1999-01-31,2023-08-31,296,0
us__us-sex__california__ge85__male,us_sex,California,GE85,male,TRUE,,1999-01-31,2023-08-31,296,0
us__us-sex__colorado__0-44__female,us_sex,Colorado,0-44,female,TRUE,,1999-01-31,2023-08-31,296,0
us__us-sex__colorado__0-44__male,us_sex,Colorado,0-44,male,TRUE,,1999-01-31,2023-08-31,296,0
us__us-sex__colorado__45-64__female,us_sex,Colorado,45-64,female,TRUE,,1999-01-31,2023-08-31,296,0
us__us-sex__colorado__45-64__male,us_sex,Colorado,45-64,male,TRUE,,1999-01-31,2023-08-31,296,0
us__us-sex__colorado__65-84__female,us_sex,Colorado,65-84,female,TRUE,,1999-01-31,2023-08-31,296,0
us__us-sex__colorado__65-84__male,us_sex,Colorado,65-84,male,TRUE,,1999-01-31,2023-08-31,296,0
us__us-sex__colorado__ge85__female,us_sex,Colorado,GE85,female,TRUE,,1999-01-31,2023-08-31,296,0
us__us-sex__colorado__ge85__male,us_sex,Colorado,GE85,male,TRUE,,1999-01-31,2023-08-31,296,0
us__us-sex__connecticut__0-44__female,us_sex,Connecticut,0-44,female,TRUE,,1999-01-31,2023-08-31,296,0
us__us-sex__connecticut__0-44__male,us_sex,Connecticut,0-44,male,TRUE,,1999-01-31,2023-08-31,296,0
us__us-sex__connecticut__45-64__female,us_sex,Connecticut,45-64,female,TRUE,,1999-01-31,2023-08-31,296,0
us__us-sex__connecticut__45-64__male,us_sex,Connecticut,45-64,male,TRUE,,1999-01-31,2023-08-31,296,0
us__us-sex__connecticut__65-84__female,us_sex,Connecticut,65-84,female,TRUE,,1999-01-31,2023-08-31,296,0
us__us-sex__connecticut__65-84__male,us_sex,Connecticut,65-84,male,TRUE,,1999-01-31,2023-08-31,296,0
us__us-sex__connecticut__ge85__female,us_sex,Connecticut,GE85,female,TRUE,,1999-01-31,2023-08-31,296,0
us__us-sex__connecticut__ge85__male,us_sex,Connecticut,GE85,male,TRUE,,1999-01-31,2023-08-31,296,0
us__us-sex__delaware__0-44__female,us_sex,Delaware,0-44,female,TRUE,,1999-01-31,2023-08-31,108,188
us__us-sex__delaware__0-44__male,us_sex,Delaware,0-44,male,TRUE,,1999-01-31,2023-08-31,271,25
us__us-sex__delaware__45-64__female,us_sex,Delaware,45-64,female,TRUE,,1999-01-31,2023-08-31,296,0
us__us-sex__delaware__45-64__male,us_sex,Delaware,45-64,male,TRUE,,1999-01-31,2023-08-31,296,0
us__us-sex__delaware__65-84__female,us_sex,Delaware,65-84,female,TRUE,,1999-01-31,2023-08-31,296,0
us__us-sex__delaware__65-84__male,us_sex,Delaware,65-84,male,TRUE,,1999-01-31,2023-08-31,296,0
us__us-sex__delaware__ge85__female,us_sex,Delaware,GE85,female,TRUE,,1999-01-31,2023-08-31,296,0
us__us-sex__delaware__ge85__male,us_sex,Delaware,GE85,male,TRUE,,1999-01-31,2023-08-31,296,0
us__us-sex__district-of-columbia__0-44__female,us_sex,District of Columbia,0-44,female,TRUE,,1999-01-31,2022-10-31,92,204
us__us-sex__district-of-columbia__0-44__male,us_sex,District of Columbia,0-44,male,TRUE,,1999-01-31,2023-08-31,238,58
us__us-sex__district-of-columbia__45-64__female,us_sex,District of Columbia,45-64,female,TRUE,,1999-01-31,2023-08-31,296,0
us__us-sex__district-of-columbia__45-64__male,us_sex,District of Columbia,45-64,male,TRUE,,1999-01-31,2023-08-31,296,0
us__us-sex__district-of-columbia__65-84__female,us_sex,District of Columbia,65-84,female,TRUE,,1999-01-31,2023-08-31,296,0
us__us-sex__district-of-columbia__65-84__male,us_sex,District of Columbia,65-84,male,TRUE,,1999-01-31,2023-08-31,296,0
us__us-sex__district-of-columbia__ge85__female,us_sex,District of Columbia,GE85,female,TRUE,,1999-01-31,2023-08-31,296,0
us__us-sex__district-of-columbia__ge85__male,us_sex,District of Columbia,GE85,male,TRUE,,1999-01-31,2023-08-31,296,0
us__us-sex__florida__0-44__female,us_sex,Florida,0-44,female,TRUE,,1999-01-31,2023-08-31,296,0
us__us-sex__florida__0-44__male,us_sex,Florida,0-44,male,TRUE,,1999-01-31,2023-08-31,296,0
us__us-sex__florida__45-64__female,us_sex,Florida,45-64,female,TRUE,,1999-01-31,2023-08-31,296,0
us__us-sex__florida__45-64__male,us_sex,Florida,45-64,male,TRUE,,1999-01-31,2023-08-31,296,0
us__us-sex__florida__65-84__female,us_sex,Florida,65-84,female,TRUE,,1999-01-31,2023-08-31,296,0
us__us-sex__florida__65-84__male,us_sex,Florida,65-84,male,TRUE,,1999-01-31,2023-08-31,296,0
us__us-sex__florida__ge85__female,us_sex,Florida,GE85,female,TRUE,,1999-01-31,2023-08-31,296,0
us__us-sex__florida__ge85__male,us_sex,Florida,GE85,male,TRUE,,1999-01-31,2023-08-31,296,0
us__us-sex__georgia__0-44__female,us_sex,Georgia,0-44,female,TRUE,,1999-01-31,2023-08-31,296,0
us__us-sex__georgia__0-44__male,us_sex,Georgia,0-44,male,TRUE,,1999-01-31,2023-08-31,296,0
us__us-sex__georgia__45-64__female,us_sex,Georgia,45-64,female,TRUE,,1999-01-31,2023-08-31,296,0
us__us-sex__georgia__45-64__male,us_sex,Georgia,45-64,male,TRUE,,1999-01-31,2023-08-31,296,0
us__us-sex__georgia__65-84__female,us_sex,Georgia,65-84,female,TRUE,,1999-01-31,2023-08-31,296,0
us__us-sex__georgia__65-84__male,us_sex,Georgia,65-84,male,TRUE,,1999-01-31,2023-08-31,296,0
us__us-sex__georgia__ge85__female,us_sex,Georgia,GE85,female,TRUE,,1999-01-31,2023-08-31,296,0
us__us-sex__georgia__ge85__male,us_sex,Georgia,GE85,male,TRUE,,1999-01-31,2023-08-31,296,0
us__us-sex__hawaii__0-44__female,us_sex,Hawaii,0-44,female,TRUE,,1999-01-31,2023-08-31,98,198
us__us-sex__hawaii__0-44__male,us_sex,Hawaii,0-44,male,TRUE,,1999-01-31,2023-08-31,290,6
us__us-sex__hawaii__45-64__female,us_sex,Hawaii,45-64,female,TRUE,,1999-01-31,2023-08-31,296,0
us__us-sex__hawaii__45-64__male,us_sex,Hawaii,45-64,male,TRUE,,1999-01-31,2023-08-31,296,0
us__us-sex__hawaii__65-84__female,us_sex,Hawaii,65-84,female,TRUE,,1999-01-31,2023-08-31,296,0
us__us-sex__hawaii__65-84__male,us_sex,Hawaii,65-84,male,TRUE,,1999-01-31,2023-08-31,296,0
us__us-sex__hawaii__ge85__female,us_sex,Hawaii,GE85,female,TRUE,,1999-01-31,2023-08-31,296,0
us__us-sex__hawaii__ge85__male,us_sex,Hawaii,GE85,male,TRUE,,1999-01-31,2023-08-31,296,0
us__us-sex__idaho__0-44__female,us_sex,Idaho,0-44,female,TRUE,,1999-02-28,2023-08-31,205,91
us__us-sex__idaho__0-44__male,us_sex,Idaho,0-44,male,TRUE,,1999-01-31,2023-08-31,292,4
us__us-sex__idaho__45-64__female,us_sex,Idaho,45-64,female,TRUE,,1999-01-31,2023-08-31,296,0
us__us-sex__idaho__45-64__male,us_sex,Idaho,45-64,male,TRUE,,1999-01-31,2023-08-31,296,0
us__us-sex__idaho__65-84__female,us_sex,Idaho,65-84,female,TRUE,,1999-01-31,2023-08-31,296,0
us__us-sex__idaho__65-84__male,us_sex,Idaho,65-84,male,TRUE,,1999-01-31,2023-08-31,296,0
us__us-sex__idaho__ge85__female,us_sex,Idaho,GE85,female,TRUE,,1999-01-31,2023-08-31,296,0
us__us-sex__idaho__ge85__male,us_sex,Idaho,GE85,male,TRUE,,1999-01-31,2023-08-31,296,0
us__us-sex__illinois__0-44__female,us_sex,Illinois,0-44,female,TRUE,,1999-01-31,2023-08-31,296,0
us__us-sex__illinois__0-44__male,us_sex,Illinois,0-44,male,TRUE,,1999-01-31,2023-08-31,296,0
us__us-sex__illinois__45-64__female,us_sex,Illinois,45-64,female,TRUE,,1999-01-31,2023-08-31,296,0
us__us-sex__illinois__45-64__male,us_sex,Illinois,45-64,male,TRUE,,1999-01-31,2023-08-31,296,0
us__us-sex__illinois__65-84__female,us_sex,Illinois,65-84,female,TRUE,,1999-01-31,2023-08-31,296,0
us__us-sex__illinois__65-84__male,us_sex,Illinois,65-84,male,TRUE,,1999-01-31,2023-08-31,296,0
us__us-sex__illinois__ge85__female,us_sex,Illinois,GE85,female,TRUE,,1999-01-31,2023-08-31,296,0
us__us-sex__illinois__ge85__male,us_sex,Illinois,GE85,male,TRUE,,1999-01-31,2023-08-31,296,0
us__us-sex__indiana__0-44__female,us_sex,Indiana,0-44,female,TRUE,,1999-01-31,2023-08-31,296,0
us__us-sex__indiana__0-44__male,us_sex,Indiana,0-44,male,TRUE,,1999-01-31,2023-08-31,296,0
us__us-sex__indiana__45-64__female,us_sex,Indiana,45-64,female,TRUE,,1999-01-31,2023-08-31,296,0
us__us-sex__indiana__45-64__male,us_sex,Indiana,45-64,male,TRUE,,1999-01-31,2023-08-31,296,0
us__us-sex__indiana__65-84__female,us_sex,Indiana,65-84,female,TRUE,,1999-01-31,2023-08-31,296,0
us__us-sex__indiana__65-84__male,us_sex,Indiana,65-84,male,TRUE,,1999-01-31,2023-08-31,296,0
us__us-sex__indiana__ge85__female,us_sex,Indiana,GE85,female,TRUE,,1999-01-31,2023-08-31,296,0
us__us-sex__indiana__ge85__male,us_sex,Indiana,GE85,male,TRUE,,1999-01-31,2023-08-31,296,0
us__us-sex__iowa__0-44__female,us_sex,Iowa,0-44,female,TRUE,,1999-01-31,2023-08-31,295,1
us__us-sex__iowa__0-44__male,us_sex,Iowa,0-44,male,TRUE,,1999-01-31,2023-08-31,296,0
us__us-sex__iowa__45-64__female,us_sex,Iowa,45-64,female,TRUE,,1999-01-31,2023-08-31,296,0
us__us-sex__iowa__45-64__male,us_sex,Iowa,45-64,male,TRUE,,1999-01-31,2023-08-31,296,0
us__us-sex__iowa__65-84__female,us_sex,Iowa,65-84,female,TRUE,,1999-01-31,2023-08-31,296,0
us__us-sex__iowa__65-84__male,us_sex,Iowa,65-84,male,TRUE,,1999-01-31,2023-08-31,296,0
us__us-sex__iowa__ge85__female,us_sex,Iowa,GE85,female,TRUE,,1999-01-31,2023-08-31,296,0
us__us-sex__iowa__ge85__male,us_sex,Iowa,GE85,male,TRUE,,1999-01-31,2023-08-31,296,0
us__us-sex__kansas__0-44__female,us_sex,Kansas,0-44,female,TRUE,,1999-01-31,2023-08-31,296,0
us__us-sex__kansas__0-44__male,us_sex,Kansas,0-44,male,TRUE,,1999-01-31,2023-08-31,296,0
us__us-sex__kansas__45-64__female,us_sex,Kansas,45-64,female,TRUE,,1999-01-31,2023-08-31,296,0
us__us-sex__kansas__45-64__male,us_sex,Kansas,45-64,male,TRUE,,1999-01-31,2023-08-31,296,0
us__us-sex__kansas__65-84__female,us_sex,Kansas,65-84,female,TRUE,,1999-01-31,2023-08-31,296,0
us__us-sex__kansas__65-84__male,us_sex,Kansas,65-84,male,TRUE,,1999-01-31,2023-08-31,296,0
us__us-sex__kansas__ge85__female,us_sex,Kansas,GE85,female,TRUE,,1999-01-31,2023-08-31,296,0
us__us-sex__kansas__ge85__male,us_sex,Kansas,GE85,male,TRUE,,1999-01-31,2023-08-31,296,0
us__us-sex__kentucky__0-44__female,us_sex,Kentucky,0-44,female,TRUE,,1999-01-31,2023-08-31,296,0
us__us-sex__kentucky__0-44__male,us_sex,Kentucky,0-44,male,TRUE,,1999-01-31,2023-08-31,296,0
us__us-sex__kentucky__45-64__female,us_sex,Kentucky,45-64,female,TRUE,,1999-01-31,2023-08-31,296,0
us__us-sex__kentucky__45-64__male,us_sex,Kentucky,45-64,male,TRUE,,1999-01-31,2023-08-31,296,0
us__us-sex__kentucky__65-84__female,us_sex,Kentucky,65-84,female,TRUE,,1999-01-31,2023-08-31,296,0
us__us-sex__kentucky__65-84__male,us_sex,Kentucky,65-84,male,TRUE,,1999-01-31,2023-08-31,296,0
us__us-sex__kentucky__ge85__female,us_sex,Kentucky,GE85,female,TRUE,,1999-01-31,2023-08-31,296,0
us__us-sex__kentucky__ge85__male,us_sex,Kentucky,GE85,male,TRUE,,1999-01-31,2023-08-31,296,0
us__us-sex__louisiana__0-44__female,us_sex,Louisiana,0-44,female,TRUE,,1999-01-31,2023-08-31,296,0
us__us-sex__louisiana__0-44__male,us_sex,Louisiana,0-44,male,TRUE,,1999-01-31,2023-08-31,296,0
us__us-sex__louisiana__45-64__female,us_sex,Louisiana,45-64,female,TRUE,,1999-01-31,2023-08-31,296,0
us__us-sex__louisiana__45-64__male,us_sex,Louisiana,45-64,male,TRUE,,1999-01-31,2023-08-31,296,0
us__us-sex__louisiana__65-84__female,us_sex,Louisiana,65-84,female,TRUE,,1999-01-31,2023-08-31,296,0
us__us-sex__louisiana__65-84__male,us_sex,Louisiana,65-84,male,TRUE,,1999-01-31,2023-08-31,296,0
us__us-sex__louisiana__ge85__female,us_sex,Louisiana,GE85,female,TRUE,,1999-01-31,2023-08-31,296,0
us__us-sex__louisiana__ge85__male,us_sex,Louisiana,GE85,male,TRUE,,1999-01-31,2023-08-31,296,0
us__us-sex__maine__0-44__female,us_sex,Maine,0-44,female,TRUE,,1999-02-28,2023-08-31,150,146
us__us-sex__maine__0-44__male,us_sex,Maine,0-44,male,TRUE,,1999-01-31,2023-08-31,292,4
us__us-sex__maine__45-64__female,us_sex,Maine,45-64,female,TRUE,,1999-01-31,2023-08-31,296,0
us__us-sex__maine__45-64__male,us_sex,Maine,45-64,male,TRUE,,1999-01-31,2023-08-31,296,0
us__us-sex__maine__65-84__female,us_sex,Maine,65-84,female,TRUE,,1999-01-31,2023-08-31,296,0
us__us-sex__maine__65-84__male,us_sex,Maine,65-84,male,TRUE,,1999-01-31,2023-08-31,296,0
us__us-sex__maine__ge85__female,us_sex,Maine,GE85,female,TRUE,,1999-01-31,2023-08-31,296,0
us__us-sex__maine__ge85__male,us_sex,Maine,GE85,male,TRUE,,1999-01-31,2023-08-31,296,0
us__us-sex__maryland__0-44__female,us_sex,Maryland,0-44,female,TRUE,,1999-01-31,2023-08-31,296,0
us__us-sex__maryland__0-44__male,us_sex,Maryland,0-44,male,TRUE,,1999-01-31,2023-08-31,296,0
us__us-sex__maryland__45-64__female,us_sex,Maryland,45-64,female,TRUE,,1999-01-31,2023-08-31,296,0
us__us-sex__maryland__45-64__male,us_sex,Maryland,45-64,male,TRUE,,1999-01-31,2023-08-31,296,0
us__us-sex__maryland__65-84__female,us_sex,Maryland,65-84,female,TRUE,,1999-01-31,2023-08-31,296,0
us__us-sex__maryland__65-84__male,us_sex,Maryland,65-84,male,TRUE,,1999-01-31,2023-08-31,296,0
us__us-sex__maryland__ge85__female,us_sex,Maryland,GE85,female,TRUE,,1999-01-31,2023-08-31,296,0
us__us-sex__maryland__ge85__male,us_sex,Maryland,GE85,male,TRUE,,1999-01-31,2023-08-31,296,0
us__us-sex__massachusetts__0-44__female,us_sex,Massachusetts,0-44,female,TRUE,,1999-01-31,2023-08-31,296,0
us__us-sex__massachusetts__0-44__male,us_sex,Massachusetts,0-44,male,TRUE,,1999-01-31,2023-08-31,296,0
us__us-sex__massachusetts__45-64__female,us_sex,Massachusetts,45-64,female,TRUE,,1999-01-31,2023-08-31,296,0
us__us-sex__massachusetts__45-64__male,us_sex,Massachusetts,45-64,male,TRUE,,1999-01-31,2023-08-31,296,0
us__us-sex__massachusetts__65-84__female,us_sex,Massachusetts,65-84,female,TRUE,,1999-01-31,2023-08-31,296,0
us__us-sex__massachusetts__65-84__male,us_sex,Massachusetts,65-84,male,TRUE,,1999-01-31,2023-08-31,296,0
us__us-sex__massachusetts__ge85__female,us_sex,Massachusetts,GE85,female,TRUE,,1999-01-31,2023-08-31,296,0
us__us-sex__massachusetts__ge85__male,us_sex,Massachusetts,GE85,male,TRUE,,1999-01-31,2023-08-31,296,0
us__us-sex__michigan__0-44__female,us_sex,Michigan,0-44,female,TRUE,,1999-01-31,2023-08-31,296,0
us__us-sex__michigan__0-44__male,us_sex,Michigan,0-44,male,TRUE,,1999-01-31,2023-08-31,296,0
us__us-sex__michigan__45-64__female,us_sex,Michigan,45-64,female,TRUE,,1999-01-31,2023-08-31,296,0
us__us-sex__michigan__45-64__male,us_sex,Michigan,45-64,male,TRUE,,1999-01-31,2023-08-31,296,0
us__us-sex__michigan__65-84__female,us_sex,Michigan,65-84,female,TRUE,,1999-01-31,2023-08-31,296,0
us__us-sex__michigan__65-84__male,us_sex,Michigan,65-84,male,TRUE,,1999-01-31,2023-08-31,296,0
us__us-sex__michigan__ge85__female,us_sex,Michigan,GE85,female,TRUE,,1999-01-31,2023-08-31,296,0
us__us-sex__michigan__ge85__male,us_sex,Michigan,GE85,male,TRUE,,1999-01-31,2023-08-31,296,0
us__us-sex__minnesota__0-44__female,us_sex,Minnesota,0-44,female,TRUE,,1999-01-31,2023-08-31,296,0
us__us-sex__minnesota__0-44__male,us_sex,Minnesota,0-44,male,TRUE,,1999-01-31,2023-08-31,296,0
us__us-sex__minnesota__45-64__female,us_sex,Minnesota,45-64,female,TRUE,,1999-01-31,2023-08-31,296,0
us__us-sex__minnesota__45-64__male,us_sex,Minnesota,45-64,male,TRUE,,1999-01-31,2023-08-31,296,0
us__us-sex__minnesota__65-84__female,us_sex,Minnesota,65-84,female,TRUE,,1999-01-31,2023-08-31,296,0
us__us-sex__minnesota__65-84__male,us_sex,Minnesota,65-84,male,TRUE,,1999-01-31,2023-08-31,296,0
us__us-sex__minnesota__ge85__female,us_sex,Minnesota,GE85,female,TRUE,,1999-01-31,2023-08-31,296,0
us__us-sex__minnesota__ge85__male,us_sex,Minnesota,GE85,male,TRUE,,1999-01-31,2023-08-31,296,0
us__us-sex__mississippi__0-44__female,us_sex,Mississippi,0-44,female,TRUE,,1999-01-31,2023-08-31,296,0
us__us-sex__mississippi__0-44__male,us_sex,Mississippi,0-44,male,TRUE,,1999-01-31,2023-08-31,296,0
us__us-sex__mississippi__45-64__female,us_sex,Mississippi,45-64,female,TRUE,,1999-01-31,2023-08-31,296,0
us__us-sex__mississippi__45-64__male,us_sex,Mississippi,45-64,male,TRUE,,1999-01-31,2023-08-31,296,0
us__us-sex__mississippi__65-84__female,us_sex,Mississippi,65-84,female,TRUE,,1999-01-31,2023-08-31,296,0
us__us-sex__mississippi__65-84__male,us_sex,Mississippi,65-84,male,TRUE,,1999-01-31,2023-08-31,296,0
us__us-sex__mississippi__ge85__female,us_sex,Mississippi,GE85,female,TRUE,,1999-01-31,2023-08-31,296,0
us__us-sex__mississippi__ge85__male,us_sex,Mississippi,GE85,male,TRUE,,1999-01-31,2023-08-31,296,0
us__us-sex__missouri__0-44__female,us_sex,Missouri,0-44,female,TRUE,,1999-01-31,2023-08-31,296,0
us__us-sex__missouri__0-44__male,us_sex,Missouri,0-44,male,TRUE,,1999-01-31,2023-08-31,296,0
us__us-sex__missouri__45-64__female,us_sex,Missouri,45-64,female,TRUE,,1999-01-31,2023-08-31,296,0
us__us-sex__missouri__45-64__male,us_sex,Missouri,45-64,male,TRUE,,1999-01-31,2023-08-31,296,0
us__us-sex__missouri__65-84__female,us_sex,Missouri,65-84,female,TRUE,,1999-01-31,2023-08-31,296,0
us__us-sex__missouri__65-84__male,us_sex,Missouri,65-84,male,TRUE,,1999-01-31,2023-08-31,296,0
us__us-sex__missouri__ge85__female,us_sex,Missouri,GE85,female,TRUE,,1999-01-31,2023-08-31,296,0
us__us-sex__missouri__ge85__male,us_sex,Missouri,GE85,male,TRUE,,1999-01-31,2023-08-31,296,0
us__us-sex__montana__0-44__female,us_sex,Montana,0-44,female,TRUE,,1999-12-31,2023-08-31,111,185
us__us-sex__montana__0-44__male,us_sex,Montana,0-44,male,TRUE,,1999-01-31,2023-08-31,281,15
us__us-sex__montana__45-64__female,us_sex,Montana,45-64,female,TRUE,,1999-01-31,2023-08-31,296,0
us__us-sex__montana__45-64__male,us_sex,Montana,45-64,male,TRUE,,1999-01-31,2023-08-31,296,0
us__us-sex__montana__65-84__female,us_sex,Montana,65-84,female,TRUE,,1999-01-31,2023-08-31,296,0
us__us-sex__montana__65-84__male,us_sex,Montana,65-84,male,TRUE,,1999-01-31,2023-08-31,296,0
us__us-sex__montana__ge85__female,us_sex,Montana,GE85,female,TRUE,,1999-01-31,2023-08-31,296,0
us__us-sex__montana__ge85__male,us_sex,Montana,GE85,male,TRUE,,1999-01-31,2023-08-31,296,0
us__us-sex__nebraska__0-44__female,us_sex,Nebraska,0-44,female,TRUE,,1999-01-31,2023-08-31,232,64
us__us-sex__nebraska__0-44__male,us_sex,Nebraska,0-44,male,TRUE,,1999-01-31,2023-08-31,296,0
us__us-sex__nebraska__45-64__female,us_sex,Nebraska,45-64,female,TRUE,,1999-01-31,2023-08-31,296,0
us__us-sex__nebraska__45-64__male,us_sex,Nebraska,45-64,male,TRUE,,1999-01-31,2023-08-31,296,0
us__us-sex__nebraska__65-84__female,us_sex,Nebraska,65-84,female,TRUE,,1999-01-31,2023-08-31,296,0
us__us-sex__nebraska__65-84__male,us_sex,Nebraska,65-84,male,TRUE,,1999-01-31,2023-08-31,296,0
us__us-sex__nebraska__ge85__female,us_sex,Nebraska,GE85,female,TRUE,,1999-01-31,2023-08-31,296,0
us__us-sex__nebraska__ge85__male,us_sex,Nebraska,GE85,male,TRUE,,1999-01-31,2023-08-31,296,0
us__us-sex__nevada__0-44__female,us_sex,Nevada,0-44,female,TRUE,,1999-01-31,2023-08-31,296,0
us__us-sex__nevada__0-44__male,us_sex,Nevada,0-44,male,TRUE,,1999-01-31,2023-08-31,296,0
us__us-sex__nevada__45-64__female,us_sex,Nevada,45-64,female,TRUE,,1999-01-31,2023-08-31,296,0
us__us-sex__nevada__45-64__male,us_sex,Nevada,45-64,male,TRUE,,1999-01-31,2023-08-31,296,0
us__us-sex__nevada__65-84__female,us_sex,Nevada,65-84,female,TRUE,,1999-01-31,2023-08-31,296,0
us__us-sex__nevada__65-84__male,us_sex,Nevada,65-84,male,TRUE,,1999-01-31,2023-08-31,296,0
us__us-sex__nevada__ge85__female,us_sex,Nevada,GE85,female,TRUE,,1999-01-31,2023-08-31,296,0
us__us-sex__nevada__ge85__male,us_sex,Nevada,GE85,male,TRUE,,1999-01-31,2023-08-31,296,0
us__us-sex__new-hampshire__0-44__female,us_sex,New Hampshire,0-44,female,TRUE,,1999-05-31,2023-07-31,123,173
us__us-sex__new-hampshire__0-44__male,us_sex,New Hampshire,0-44,male,TRUE,,1999-01-31,2023-08-31,278,18
us__us-sex__new-hampshire__45-64__female,us_sex,New Hampshire,45-64,female,TRUE,,1999-01-31,2023-08-31,296,0
us__us-sex__new-hampshire__45-64__male,us_sex,New Hampshire,45-64,male,TRUE,,1999-01-31,2023-08-31,296,0
us__us-sex__new-hampshire__65-84__female,us_sex,New Hampshire,65-84,female,TRUE,,1999-01-31,2023-08-31,296,0
us__us-sex__new-hampshire__65-84__male,us_sex,New Hampshire,65-84,male,TRUE,,1999-01-31,2023-08-31,296,0
us__us-sex__new-hampshire__ge85__female,us_sex,New Hampshire,GE85,female,TRUE,,1999-01-31,2023-08-31,296,0
us__us-sex__new-hampshire__ge85__male,us_sex,New Hampshire,GE85,male,TRUE,,1999-01-31,2023-08-31,296,0
us__us-sex__new-jersey__0-44__female,us_sex,New Jersey,0-44,female,TRUE,,1999-01-31,2023-08-31,296,0
us__us-sex__new-jersey__0-44__male,us_sex,New Jersey,0-44,male,TRUE,,1999-01-31,2023-08-31,296,0
us__us-sex__new-jersey__45-64__female,us_sex,New Jersey,45-64,female,TRUE,,1999-01-31,2023-08-31,296,0
us__us-sex__new-jersey__45-64__male,us_sex,New Jersey,45-64,male,TRUE,,1999-01-31,2023-08-31,296,0
us__us-sex__new-jersey__65-84__female,us_sex,New Jersey,65-84,female,TRUE,,1999-01-31,2023-08-31,296,0
us__us-sex__new-jersey__65-84__male,us_sex,New Jersey,65-84,male,TRUE,,1999-01-31,2023-08-31,296,0
us__us-sex__new-jersey__ge85__female,us_sex,New Jersey,GE85,female,TRUE,,1999-01-31,2023-08-31,296,0
us__us-sex__new-jersey__ge85__male,us_sex,New Jersey,GE85,male,TRUE,,1999-01-31,2023-08-31,296,0
us__us-sex__new-mexico__0-44__female,us_sex,New Mexico,0-44,female,TRUE,,1999-01-31,2023-08-31,295,1
us__us-sex__new-mexico__0-44__male,us_sex,New Mexico,0-44,male,TRUE,,1999-01-31,2023-08-31,296,0
us__us-sex__new-mexico__45-64__female,us_sex,New Mexico,45-64,female,TRUE,,1999-01-31,2023-08-31,296,0
us__us-sex__new-mexico__45-64__male,us_sex,New Mexico,45-64,male,TRUE,,1999-01-31,2023-08-31,296,0
us__us-sex__new-mexico__65-84__female,us_sex,New Mexico,65-84,female,TRUE,,1999-01-31,2023-08-31,296,0
us__us-sex__new-mexico__65-84__male,us_sex,New Mexico,65-84,male,TRUE,,1999-01-31,2023-08-31,296,0
us__us-sex__new-mexico__ge85__female,us_sex,New Mexico,GE85,female,TRUE,,1999-01-31,2023-08-31,296,0
us__us-sex__new-mexico__ge85__male,us_sex,New Mexico,GE85,male,TRUE,,1999-01-31,2023-08-31,296,0
us__us-sex__new-york__0-44__female,us_sex,New York,0-44,female,TRUE,,1999-01-31,2023-08-31,296,0
us__us-sex__new-york__0-44__male,us_sex,New York,0-44,male,TRUE,,1999-01-31,2023-08-31,296,0
us__us-sex__new-york__45-64__female,us_sex,New York,45-64,female,TRUE,,1999-01-31,2023-08-31,296,0
us__us-sex__new-york__45-64__male,us_sex,New York,45-64,male,TRUE,,1999-01-31,2023-08-31,296,0
us__us-sex__new-york__65-84__female,us_sex,New York,65-84,female,TRUE,,1999-01-31,2023-08-31,296,0
us__us-sex__new-york__65-84__male,us_sex,New York,65-84,male,TRUE,,1999-01-31,2023-08-31,296,0
us__us-sex__new-york__ge85__female,us_sex,New York,GE85,female,TRUE,,1999-01-31,2023-08-31,296,0
us__us-sex__new-york__ge85__male,us_sex,New York,GE85,male,TRUE,,1999-01-31,2023-08-31,296,0
us__us-sex__north-carolina__0-44__female,us_sex,North Carolina,0-44,female,TRUE,,1999-01-31,2023-08-31,296,0
us__us-sex__north-carolina__0-44__male,us_sex,North Carolina,0-44,male,TRUE,,1999-01-31,2023-08-31,296,0
us__us-sex__north-carolina__45-64__female,us_sex,North Carolina,45-64,female,TRUE,,1999-01-31,2023-08-31,296,0
us__us-sex__north-carolina__45-64__male,us_sex,North Carolina,45-64,male,TRUE,,1999-01-31,2023-08-31,296,0
us__us-sex__north-carolina__65-84__female,us_sex,North Carolina,65-84,female,TRUE,,1999-01-31,2023-08-31,296,0
us__us-sex__north-carolina__65-84__male,us_sex,North Carolina,65-84,male,TRUE,,1999-01-31,2023-08-31,296,0
us__us-sex__north-carolina__ge85__female,us_sex,North Carolina,GE85,female,TRUE,,1999-01-31,2023-08-31,296,0
us__us-sex__north-carolina__ge85__male,us_sex,North Carolina,GE85,male,TRUE,,1999-01-31,2023-08-31,296,0
us__us-sex__north-dakota__0-44__female,us_sex,North Dakota,0-44,female,TRUE,,2000-11-30,2023-07-31,11,285
us__us-sex__north-dakota__0-44__male,us_sex,North Dakota,0-44,male,TRUE,,1999-04-30,2023-08-31,139,157
us__us-sex__north-dakota__45-64__female,us_sex,North Dakota,45-64,female,TRUE,,1999-01-31,2023-08-31,293,3
us__us-sex__north-dakota__45-64__male,us_sex,North Dakota,45-64,male,TRUE,,1999-01-31,2023-08-31,296,0
us__us-sex__north-dakota__65-84__female,us_sex,North Dakota,65-84,female,TRUE,,1999-01-31,2023-08-31,296,0
us__us-sex__north-dakota__65-84__male,us_sex,North Dakota,65-84,male,TRUE,,1999-01-31,2023-08-31,296,0
us__us-sex__north-dakota__ge85__female,us_sex,North Dakota,GE85,female,TRUE,,1999-01-31,2023-08-31,296,0
us__us-sex__north-dakota__ge85__male,us_sex,North Dakota,GE85,male,TRUE,,1999-01-31,2023-08-31,296,0
us__us-sex__ohio__0-44__female,us_sex,Ohio,0-44,female,TRUE,,1999-01-31,2023-08-31,296,0
us__us-sex__ohio__0-44__male,us_sex,Ohio,0-44,male,TRUE,,1999-01-31,2023-08-31,296,0
us__us-sex__ohio__45-64__female,us_sex,Ohio,45-64,female,TRUE,,1999-01-31,2023-08-31,296,0
us__us-sex__ohio__45-64__male,us_sex,Ohio,45-64,male,TRUE,,1999-01-31,2023-08-31,296,0
us__us-sex__ohio__65-84__female,us_sex,Ohio,65-84,female,TRUE,,1999-01-31,2023-08-31,296,0
us__us-sex__ohio__65-84__male,us_sex,Ohio,65-84,male,TRUE,,1999-01-31,2023-08-31,296,0
us__us-sex__ohio__ge85__female,us_sex,Ohio,GE85,female,TRUE,,1999-01-31,2023-08-31,296,0
us__us-sex__ohio__ge85__male,us_sex,Ohio,GE85,male,TRUE,,1999-01-31,2023-08-31,296,0
us__us-sex__oklahoma__0-44__female,us_sex,Oklahoma,0-44,female,TRUE,,1999-01-31,2023-08-31,296,0
us__us-sex__oklahoma__0-44__male,us_sex,Oklahoma,0-44,male,TRUE,,1999-01-31,2023-08-31,296,0
us__us-sex__oklahoma__45-64__female,us_sex,Oklahoma,45-64,female,TRUE,,1999-01-31,2023-08-31,296,0
us__us-sex__oklahoma__45-64__male,us_sex,Oklahoma,45-64,male,TRUE,,1999-01-31,2023-08-31,296,0
us__us-sex__oklahoma__65-84__female,us_sex,Oklahoma,65-84,female,TRUE,,1999-01-31,2023-08-31,296,0
us__us-sex__oklahoma__65-84__male,us_sex,Oklahoma,65-84,male,TRUE,,1999-01-31,2023-08-31,296,0
us__us-sex__oklahoma__ge85__female,us_sex,Oklahoma,GE85,female,TRUE,,1999-01-31,2023-08-31,296,0
us__us-sex__oklahoma__ge85__male,us_sex,Oklahoma,GE85,male,TRUE,,1999-01-31,2023-08-31,296,0
us__us-sex__oregon__0-44__female,us_sex,Oregon,0-44,female,TRUE,,1999-01-31,2023-08-31,296,0
us__us-sex__oregon__0-44__male,us_sex,Oregon,0-44,male,TRUE,,1999-01-31,2023-08-31,296,0
us__us-sex__oregon__45-64__female,us_sex,Oregon,45-64,female,TRUE,,1999-01-31,2023-08-31,296,0
us__us-sex__oregon__45-64__male,us_sex,Oregon,45-64,male,TRUE,,1999-01-31,2023-08-31,296,0
us__us-sex__oregon__65-84__female,us_sex,Oregon,65-84,female,TRUE,,1999-01-31,2023-08-31,296,0
us__us-sex__oregon__65-84__male,us_sex,Oregon,65-84,male,TRUE,,1999-01-31,2023-08-31,296,0
us__us-sex__oregon__ge85__female,us_sex,Oregon,GE85,female,TRUE,,1999-01-31,2023-08-31,296,0
us__us-sex__oregon__ge85__male,us_sex,Oregon,GE85,male,TRUE,,1999-01-31,2023-08-31,296,0
us__us-sex__pennsylvania__0-44__female,us_sex,Pennsylvania,0-44,female,TRUE,,1999-01-31,2023-08-31,296,0
us__us-sex__pennsylvania__0-44__male,us_sex,Pennsylvania,0-44,male,TRUE,,1999-01-31,2023-08-31,296,0
us__us-sex__pennsylvania__45-64__female,us_sex,Pennsylvania,45-64,female,TRUE,,1999-01-31,2023-08-31,296,0
us__us-sex__pennsylvania__45-64__male,us_sex,Pennsylvania,45-64,male,TRUE,,1999-01-31,2023-08-31,296,0
us__us-sex__pennsylvania__65-84__female,us_sex,Pennsylvania,65-84,female,TRUE,,1999-01-31,2023-08-31,296,0
us__us-sex__pennsylvania__65-84__male,us_sex,Pennsylvania,65-84,male,TRUE,,1999-01-31,2023-08-31,296,0
us__us-sex__pennsylvania__ge85__female,us_sex,Pennsylvania,GE85,female,TRUE,,1999-01-31,2023-08-31,296,0
us__us-sex__pennsylvania__ge85__male,us_sex,Pennsylvania,GE85,male,TRUE,,1999-01-31,2023-08-31,296,0
us__us-sex__rhode-island__0-44__female,us_sex,Rhode Island,0-44,female,TRUE,,1999-01-31,2023-05-31,66,230
us__us-sex__rhode-island__0-44__male,us_sex,Rhode Island,0-44,male,TRUE,,1999-01-31,2023-08-31,251,45
us__us-sex__rhode-island__45-64__female,us_sex,Rhode Island,45-64,female,TRUE,,1999-01-31,2023-08-31,296,0
us__us-sex__rhode-island__45-64__male,us_sex,Rhode Island,45-64,male,TRUE,,1999-01-31,2023-08-31,296,0
us__us-sex__rhode-island__65-84__female,us_sex,Rhode Island,65-84,female,TRUE,,1999-01-31,2023-08-31,296,0
us__us-sex__rhode-island__65-84__male,us_sex,Rhode Island,65-84,male,TRUE,,1999-01-31,2023-08-31,296,0
us__us-sex__rhode-island__ge85__female,us_sex,Rhode Island,GE85,female,TRUE,,1999-01-31,2023-08-31,296,0
us__us-sex__rhode-island__ge85__male,us_sex,Rhode Island,GE85,male,TRUE,,1999-01-31,2023-08-31,296,0
us__us-sex__south-carolina__0-44__female,us_sex,South Carolina,0-44,female,TRUE,,1999-01-31,2023-08-31,296,0
us__us-sex__south-carolina__0-44__male,us_sex,South Carolina,0-44,male,TRUE,,1999-01-31,2023-08-31,296,0
us__us-sex__south-carolina__45-64__female,us_sex,South Carolina,45-64,female,TRUE,,1999-01-31,2023-08-31,296,0
us__us-sex__south-carolina__45-64__male,us_sex,South Carolina,45-64,male,TRUE,,1999-01-31,2023-08-31,296,0
us__us-sex__south-carolina__65-84__female,us_sex,South Carolina,65-84,female,TRUE,,1999-01-31,2023-08-31,296,0
us__us-sex__south-carolina__65-84__male,us_sex,South Carolina,65-84,male,TRUE,,1999-01-31,2023-08-31,296,0
us__us-sex__south-carolina__ge85__female,us_sex,South Carolina,GE85,female,TRUE,,1999-01-31,2023-08-31,296,0
us__us-sex__south-carolina__ge85__male,us_sex,South Carolina,GE85,male,TRUE,,1999-01-31,2023-08-31,296,0
us__us-sex__south-dakota__0-44__female,us_sex,South Dakota,0-44,female,TRUE,,1999-04-30,2023-08-31,52,244
us__us-sex__south-dakota__0-44__male,us_sex,South Dakota,0-44,male,TRUE,,1999-01-31,2023-08-31,208,88
us__us-sex__south-dakota__45-64__female,us_sex,South Dakota,45-64,female,TRUE,,1999-01-31,2023-08-31,296,0
us__us-sex__south-dakota__45-64__male,us_sex,South Dakota,45-64,male,TRUE,,1999-01-31,2023-08-31,296,0
us__us-sex__south-dakota__65-84__female,us_sex,South Dakota,65-84,female,TRUE,,1999-01-31,2023-08-31,296,0
us__us-sex__south-dakota__65-84__male,us_sex,South Dakota,65-84,male,TRUE,,1999-01-31,2023-08-31,296,0
us__us-sex__south-dakota__ge85__female,us_sex,South Dakota,GE85,female,TRUE,,1999-01-31,2023-08-31,296,0
us__us-sex__south-dakota__ge85__male,us_sex,South Dakota,GE85,male,TRUE,,1999-01-31,2023-08-31,296,0
us__us-sex__tennessee__0-44__female,us_sex,Tennessee,0-44,female,TRUE,,1999-01-31,2023-08-31,296,0
us__us-sex__tennessee__0-44__male,us_sex,Tennessee,0-44,male,TRUE,,1999-01-31,2023-08-31,296,0
us__us-sex__tennessee__45-64__female,us_sex,Tennessee,45-64,female,TRUE,,1999-01-31,2023-08-31,296,0
us__us-sex__tennessee__45-64__male,us_sex,Tennessee,45-64,male,TRUE,,1999-01-31,2023-08-31,296,0
us__us-sex__tennessee__65-84__female,us_sex,Tennessee,65-84,female,TRUE,,1999-01-31,2023-08-31,296,0
us__us-sex__tennessee__65-84__male,us_sex,Tennessee,65-84,male,TRUE,,1999-01-31,2023-08-31,296,0
us__us-sex__tennessee__ge85__female,us_sex,Tennessee,GE85,female,TRUE,,1999-01-31,2023-08-31,296,0
us__us-sex__tennessee__ge85__male,us_sex,Tennessee,GE85,male,TRUE,,1999-01-31,2023-08-31,296,0
us__us-sex__texas__0-44__female,us_sex,Texas,0-44,female,TRUE,,1999-01-31,2023-08-31,296,0
us__us-sex__texas__0-44__male,us_sex,Texas,0-44,male,TRUE,,1999-01-31,2023-08-31,296,0
us__us-sex__texas__45-64__female,us_sex,Texas,45-64,female,TRUE,,1999-01-31,2023-08-31,296,0
us__us-sex__texas__45-64__male,us_sex,Texas,45-64,male,TRUE,,1999-01-31,2023-08-31,296,0
us__us-sex__texas__65-84__female,us_sex,Texas,65-84,female,TRUE,,1999-01-31,2023-08-31,296,0
us__us-sex__texas__65-84__male,us_sex,Texas,65-84,male,TRUE,,1999-01-31,2023-08-31,296,0
us__us-sex__texas__ge85__female,us_sex,Texas,GE85,female,TRUE,,1999-01-31,2023-08-31,296,0
us__us-sex__texas__ge85__male,us_sex,Texas,GE85,male,TRUE,,1999-01-31,2023-08-31,296,0
us__us-sex__utah__0-44__female,us_sex,Utah,0-44,female,TRUE,,1999-01-31,2023-08-31,296,0
us__us-sex__utah__0-44__male,us_sex,Utah,0-44,male,TRUE,,1999-01-31,2023-08-31,296,0
us__us-sex__utah__45-64__female,us_sex,Utah,45-64,female,TRUE,,1999-01-31,2023-08-31,296,0
us__us-sex__utah__45-64__male,us_sex,Utah,45-64,male,TRUE,,1999-01-31,2023-08-31,296,0
us__us-sex__utah__65-84__female,us_sex,Utah,65-84,female,TRUE,,1999-01-31,2023-08-31,296,0
us__us-sex__utah__65-84__male,us_sex,Utah,65-84,male,TRUE,,1999-01-31,2023-08-31,296,0
us__us-sex__utah__ge85__female,us_sex,Utah,GE85,female,TRUE,,1999-01-31,2023-08-31,296,0
us__us-sex__utah__ge85__male,us_sex,Utah,GE85,male,TRUE,,1999-01-31,2023-08-31,296,0
us__us-sex__vermont__0-44__female,us_sex,Vermont,0-44,female,TRUE,,2007-01-31,2023-04-30,4,292
us__us-sex__vermont__0-44__male,us_sex,Vermont,0-44,male,TRUE,,1999-03-31,2023-08-31,79,217
us__us-sex__vermont__45-64__female,us_sex,Vermont,45-64,female,TRUE,,1999-01-31,2023-08-31,295,1
us__us-sex__vermont__45-64__male,us_sex,Vermont,45-64,male,TRUE,,1999-01-31,2023-08-31,296,0
us__us-sex__vermont__65-84__female,us_sex,Vermont,65-84,female,TRUE,,1999-01-31,2023-08-31,296,0
us__us-sex__vermont__65-84__male,us_sex,Vermont,65-84,male,TRUE,,1999-01-31,2023-08-31,296,0
us__us-sex__vermont__ge85__female,us_sex,Vermont,GE85,female,TRUE,,1999-01-31,2023-08-31,296,0
us__us-sex__vermont__ge85__male,us_sex,Vermont,GE85,male,TRUE,,1999-01-31,2023-08-31,296,0
us__us-sex__virginia__0-44__female,us_sex,Virginia,0-44,female,TRUE,,1999-01-31,2023-08-31,296,0
us__us-sex__virginia__0-44__male,us_sex,Virginia,0-44,male,TRUE,,1999-01-31,2023-08-31,296,0
us__us-sex__virginia__45-64__female,us_sex,Virginia,45-64,female,TRUE,,1999-01-31,2023-08-31,296,0
us__us-sex__virginia__45-64__male,us_sex,Virginia,45-64,male,TRUE,,1999-01-31,2023-08-31,296,0
us__us-sex__virginia__65-84__female,us_sex,Virginia,65-84,female,TRUE,,1999-01-31,2023-08-31,296,0
us__us-sex__virginia__65-84__male,us_sex,Virginia,65-84,male,TRUE,,1999-01-31,2023-08-31,296,0
us__us-sex__virginia__ge85__female,us_sex,Virginia,GE85,female,TRUE,,1999-01-31,2023-08-31,296,0
us__us-sex__virginia__ge85__male,us_sex,Virginia,GE85,male,TRUE,,1999-01-31,2023-08-31,296,0
us__us-sex__washington__0-44__female,us_sex,Washington,0-44,female,TRUE,,1999-01-31,2023-08-31,296,0
us__us-sex__washington__0-44__male,us_sex,Washington,0-44,male,TRUE,,1999-01-31,2023-08-31,296,0
us__us-sex__washington__45-64__female,us_sex,Washington,45-64,female,TRUE,,1999-01-31,2023-08-31,296,0
us__us-sex__washington__45-64__male,us_sex,Washington,45-64,male,TRUE,,1999-01-31,2023-08-31,296,0
us__us-sex__washington__65-84__female,us_sex,Washington,65-84,female,TRUE,,1999-01-31,2023-08-31,296,0
us__us-sex__washington__65-84__male,us_sex,Washington,65-84,male,TRUE,,1999-01-31,2023-08-31,296,0
us__us-sex__washington__ge85__female,us_sex,Washington,GE85,female,TRUE,,1999-01-31,2023-08-31,296,0
us__us-sex__washington__ge85__male,us_sex,Washington,GE85,male,TRUE,,1999-01-31,2023-08-31,296,0
us__us-sex__west-virginia__0-44__female,us_sex,West Virginia,0-44,female,TRUE,,1999-01-31,2023-08-31,295,1
us__us-sex__west-virginia__0-44__male,us_sex,West Virginia,0-44,male,TRUE,,1999-01-31,2023-08-31,296,0
us__us-sex__west-virginia__45-64__female,us_sex,West Virginia,45-64,female,TRUE,,1999-01-31,2023-08-31,296,0
us__us-sex__west-virginia__45-64__male,us_sex,West Virginia,45-64,male,TRUE,,1999-01-31,2023-08-31,296,0
us__us-sex__west-virginia__65-84__female,us_sex,West Virginia,65-84,female,TRUE,,1999-01-31,2023-08-31,296,0
us__us-sex__west-virginia__65-84__male,us_sex,West Virginia,65-84,male,TRUE,,1999-01-31,2023-08-31,296,0
us__us-sex__west-virginia__ge85__female,us_sex,West Virginia,GE85,female,TRUE,,1999-01-31,2023-08-31,296,0
us__us-sex__west-virginia__ge85__male,us_sex,West Virginia,GE85,male,TRUE,,1999-01-31,2023-08-31,296,0
us__us-sex__wisconsin__0-44__female,us_sex,Wisconsin,0-44,female,TRUE,,1999-01-31,2023-08-31,296,0
us__us-sex__wisconsin__0-44__male,us_sex,Wisconsin,0-44,male,TRUE,,1999-01-31,2023-08-31,296,0
us__us-sex__wisconsin__45-64__female,us_sex,Wisconsin,45-64,female,TRUE,,1999-01-31,2023-08-31,296,0
us__us-sex__wisconsin__45-64__male,us_sex,Wisconsin,45-64,male,TRUE,,1999-01-31,2023-08-31,296,0
us__us-sex__wisconsin__65-84__female,us_sex,Wisconsin,65-84,female,TRUE,,1999-01-31,2023-08-31,296,0
us__us-sex__wisconsin__65-84__male,us_sex,Wisconsin,65-84,male,TRUE,,1999-01-31,2023-08-31,296,0
us__us-sex__wisconsin__ge85__female,us_sex,Wisconsin,GE85,female,TRUE,,1999-01-31,2023-08-31,296,0
us__us-sex__wisconsin__ge85__male,us_sex,Wisconsin,GE85,male,TRUE,,1999-01-31,2023-08-31,296,0
us__us-sex__wyoming__0-44__female,us_sex,Wyoming,0-44,female,TRUE,,1999-08-31,2021-11-30,14,282
us__us-sex__wyoming__0-44__male,us_sex,Wyoming,0-44,male,TRUE,,1999-06-30,2023-08-31,127,169
us__us-sex__wyoming__45-64__female,us_sex,Wyoming,45-64,female,TRUE,,1999-01-31,2023-08-31,289,7
us__us-sex__wyoming__45-64__male,us_sex,Wyoming,45-64,male,TRUE,,1999-01-31,2023-08-31,296,0
us__us-sex__wyoming__65-84__female,us_sex,Wyoming,65-84,female,TRUE,,1999-01-31,2023-08-31,296,0
us__us-sex__wyoming__65-84__male,us_sex,Wyoming,65-84,male,TRUE,,1999-01-31,2023-08-31,296,0
us__us-sex__wyoming__ge85__female,us_sex,Wyoming,GE85,female,TRUE,,1999-01-31,2023-08-31,296,0
us__us-sex__wyoming__ge85__male,us_sex,Wyoming,GE85,male,TRUE,,1999-01-31,2023-08-31,296,0
