claim_id,document,section,paragraph_index,claim_text,claim_type,evidence_type,evidence_path,evidence_key,reported_value,computed_value,status,required_action,notes
ABS-001,manuscript,Abstract Methods,1,"weekly or monthly mortality over forty European countries, fifty US states, and Canadian provinces (2000-2024)",scope,contract_and_registry,"config/manuscript_analysis_contract.yml;config/europe_reporting_cohort.csv;config/us_reporting_cohort.csv",scope.reporting_counts,"over 40 Europe; 50 US states; 2000-2024","35 European reporting geographies; 50 states plus DC; 10 mapped Canadian provinces; source-specific periods",requires_manuscript_edit,"Replace the broad count and date wording with exact source-specific scope; distinguish the Figure 3 map scope from the complete US cohort.","The adopted European reporting cohort has 35 geographies and the US registry has 51 jurisdictions including DC."
ABS-002,manuscript,Abstract Methods,1,"initial, Alpha, Delta, and Omicron wave date ranges",date_range,contract,"config/manuscript_analysis_contract.yml",contract.waves,"four date ranges","initial [2020-03-01,2020-11-01); alpha [2020-11-01,2021-07-01); delta [2021-07-01,2022-01-01); omicron [2022-01-01,regional endpoint]",verified_exact,,"Already corrected in tracked manuscript."
ABS-003,manuscript,Abstract Findings,2,"P-scores frequently exceeded 40% among individuals aged 80 years or older",threshold,unsupported,"",,"greater than 40% in age 80+",,unsupported_remove_or_reproduce,"Remove or regenerate a frozen GE80/GE85 summary supporting this threshold; current adopted Figures 2-5 and Table 1 do not estimate this statement.","Do not infer from historical plots."
ABS-004,manuscript,Abstract Findings,2,"high-vaccination areas generally maintained near-zero P-scores during Alpha and Delta",comparison,frozen_trajectory,"output/reporting/inputs/figure_04_vaccination_pscore.csv",figure04.high.alpha_delta,"near zero","Europe high 40-79 medians: Alpha 0.080 and Delta 0.080; US high 40-79 Delta median 0.212",requires_manuscript_edit,"Replace near-zero with a directionally accurate statement and report region-, age-, and wave-specific values only.","The US high-vaccination Delta trajectory is not near zero."
ABS-005,manuscript,Abstract Findings,2,"low-vaccination areas experienced increases of approximately 50%",threshold,frozen_trajectory,"output/reporting/inputs/figure_04_vaccination_pscore.csv",figure04.low.peaks,"approximately 50%","Delta maxima range from 0.613 to 1.160 across displayed US ages and 0.660 to 0.862 across displayed European combined ages/waves",requires_manuscript_edit,"Specify the panel, wave, age group, and whether the value is a pointwise maximum or median; do not retain a single approximate 50% summary.","The current wording mixes estimands."
ABS-006,manuscript,Abstract Findings,2,"male P-scores were generally 5-15 percentage points higher",difference,frozen_trajectory,"output/reporting/inputs/figure_05_sex_difference.csv",figure05.sex_difference,"male 5-15 percentage points higher","many pooled medians are within about -6 to +10 percentage points and some Delta contrasts reverse sign",requires_manuscript_edit,"Replace the universal 5-15 percentage-point range with wave-, age-, and vaccination-group-specific female-minus-male contrasts.","Figure 5 uses female minus male; negative values indicate higher male P-scores."
ABS-007,manuscript,Abstract Findings,2,"female P-scores aged 40-79 were comparable to or higher than male P-scores in Eastern Europe but weaker in the US",direction,frozen_trajectory,"output/reporting/inputs/figure_05_sex_difference.csv",figure05.sex_direction,"Europe female comparable or higher; US weaker","European low-vaccination Delta median female-minus-male is positive; US patterns vary by age and wave",supported_qualitatively,,"Retain as a descriptive pattern and avoid a mechanistic interpretation."
MTH-001,manuscript,Methods Vaccination groups,1,"European high group omitted Portugal and low group included Poland; US high group included California and New York and low group included Arkansas and Texas",classification,registry,"config/europe_reporting_cohort.csv;config/us_reporting_cohort.csv",vaccination.full_cohorts,"Portugal omitted; Poland low; California and New York high; Arkansas and Texas low","Portugal is high and Poland is neither in Europe; California, New York, Arkansas, and Texas are neither in the US",requires_manuscript_edit,"Use the exact output-specific frozen cohorts and exclude all jurisdictions classified as neither from pooled high-versus-low comparisons.","Figure 4 and Figure 5 use different frozen US high cohorts; both exclude California and New York."
RES-001,manuscript,Results Geographic patterns,1,"Delta wave (July-December 2021)",date_range,contract,"config/manuscript_analysis_contract.yml",contract.wave.delta,"July-December 2021","[2021-07-01,2022-01-01)",verified_exact,,"Calendar-month prose matches the half-open interval."
RES-002,manuscript,Results Geographic patterns,1,"Romania, Bulgaria, Slovakia and Serbia experienced increases in both 40-59 and 60-79 age groups",direction,frozen_map,"output/reporting/inputs/figure_02_europe_maps.rds",figure02.delta.named_europe,"named countries elevated in both age groups","Delta P-scores: BG 0.637/0.616; RS 0.460/0.524; RO 0.333/0.477; SK 0.334/0.331 for ages 40-59/60-79",verified_rounded,,"Values are frozen Figure 2 map medians."
RES-003,manuscript,Results Geographic patterns,2,"New York showed the largest initial-wave peak",ranking,frozen_map,"output/reporting/inputs/figure_03_north_america_maps.rds",figure03.initial.NY,"largest initial-wave mapped value","NY is highest among mapped geographies in both 40-59 (0.510) and 60-79 (0.446)",verified_rounded,,"This is a mapped wave-median statement, not a pointwise peak."
RES-004,manuscript,Results Geographic patterns,2,"low-vaccination states including Mississippi, Louisiana, Alabama, and Arkansas",classification,registry,"config/us_reporting_cohort.csv",vaccination.named_us,"MS LA AL AR low","MS, LA and AL are low; AR is neither",requires_manuscript_edit,"Remove Arkansas from the low-vaccination examples or describe it separately as neither under the fixed rule.","Fixed July 1, 2021 rule: US low below 42 and high above 62."
RES-005,manuscript,Results Vaccination patterns,1,"low-vaccination Europe included Romania, Bulgaria and Poland; low-vaccination US included Mississippi, Louisiana, Tennessee and Texas",classification,registry,"config/europe_reporting_cohort.csv;config/us_reporting_cohort.csv",vaccination.named_locations,"Poland and Texas low","Romania, Bulgaria, Mississippi, Louisiana and Tennessee are low; Poland and Texas are neither",requires_manuscript_edit,"Remove Poland and Texas from low-vaccination examples and use only locations classified by the frozen registry.","This correction is required anywhere these examples recur."
RES-006,manuscript,Results Vaccination patterns,1,"Delta peaks often exceeded 50% in low-vaccination settings",threshold,frozen_trajectory,"output/reporting/inputs/figure_04_vaccination_pscore.csv",figure04.low.delta,"greater than 50%","pointwise maxima exceed 0.50 in displayed low-vaccination Delta trajectories, but pooled medians are lower",supported_qualitatively,,"Clarify that this refers to pointwise trajectory peaks."
RES-007,manuscript,Results Age patterns,1,"oldest age groups",age_range,contract,"config/manuscript_analysis_contract.yml",contract.source_age_bands,"oldest","Europe GE80; US sex and Canada GE85",requires_manuscript_edit,"Name source-specific oldest-age bands rather than using a single implicit cutoff.","The adopted figure panels do not all display the oldest source band."
RES-008,manuscript,Results Age patterns,2,"ages 60-79 maintained near-zero P-scores in high-vaccination areas",comparison,frozen_trajectory,"output/reporting/inputs/figure_04_vaccination_pscore.csv",figure04.age60_79.high,"near zero","high-vaccination wave medians are region- and wave-dependent and are not uniformly near zero",requires_manuscript_edit,"Replace with exact regional wave summaries or soften to lower than low-vaccination groups where supported.","Avoid repeating the unsupported near-zero wording."
RES-009,manuscript,Results Age patterns,3,"middle-aged adults (40-64 years)",age_range,contract,"config/manuscript_analysis_contract.yml",contract.source_age_bands,"40-64","Europe/non-sex US 40-59; sex-stratified US/Canada 45-64",requires_manuscript_edit,"Replace 40-64 with source-specific bands or explicitly call them approximately aligned middle-aged bands.","No primary source stratum is exactly 40-64."
RES-010,manuscript,Results Sex differences,1,"male excess mortality was generally 5-15 percentage points higher",difference,frozen_trajectory,"output/reporting/inputs/figure_05_sex_difference.csv",figure05.sex_difference,"male 5-15 percentage points higher","pooled medians vary substantially and reverse sign in some Delta strata",requires_manuscript_edit,"Use the female-minus-male sign convention and quote only exact wave/age/group summaries from Figure 5.","Duplicate of the Abstract overstatement; both locations require revision."
RES-011,manuscript,Results Sex differences,2,"Romania, Bulgaria and Serbia showed comparable or higher female mortality among ages 40-79",direction,frozen_table,"output/tables/table_01_wave_pscores.csv",table01.europe.named_sex,"female comparable or higher","Table 1 supports female-higher Delta P-scores at ages 60-79; pooled Figure 5 supports the group-level reversal",supported_qualitatively,,"If retained country-by-country for all 40-79, add a direct 40-59 plus 60-79 calculation."
RES-012,manuscript,Results Sex differences,3,"US ages 0-44 showed dramatically elevated male excess mortality across all waves in both vaccination groups",direction,frozen_trajectory,"output/reporting/inputs/figure_05_sex_difference.csv",figure05.us.0-44,"male higher in all waves","Delta median female-minus-male is positive in both groups (high 0.014; low 0.058) and all wave ranges cross or approach zero",requires_manuscript_edit,"Delete across all waves and dramatically; describe the mixed wave-specific 0-44 contrasts.","Positive Figure 5 values indicate higher female P-scores."
RES-013,manuscript,Results Sex differences,3,"older adults (65+)",age_range,contract,"config/manuscript_analysis_contract.yml",contract.figure05_ages,"65+","65-84 in US Figure 5 panel f",requires_manuscript_edit,"Replace 65+ with 65-84 when describing Figure 5 panel f.","GE85 is a separate source stratum and is not included in panel f."
RES-014,manuscript,Results Sex differences,3,"low-vaccination states showed higher female P-scores during Delta in older adults",direction,frozen_trajectory,"output/reporting/inputs/figure_05_sex_difference.csv",figure05.us.65-84.low.delta,"female higher","US 65-84 low-vaccination Delta median female-minus-male is approximately 0.047",verified_rounded,,"Report as a pooled descriptive contrast."
RES-015,manuscript,Results Supplementary analysis,1,"supplementary maps, time series and all-age analyses",supplement_scope,unsupported,"",,"available supplementary outputs",,unsupported_remove_or_reproduce,"Inventory and freeze each cited supplementary output before submission, or remove unsupported references.","Exploratory files alone are not a reproducible supplement."
RES-016,manuscript,Results Supplementary analysis,1,"interactive web application",supplement_scope,unsupported,"",,"web application available",,unsupported_remove_or_reproduce,"Supply and archive the application with a stable URL or remove the claim and placeholder.","No frozen application artifact is registered."
RES-017,manuscript,Results Supplementary analysis,1,"New York initial-wave P-score exceeded 200%",threshold,unsupported,"",,"greater than 200%",,unsupported_remove_or_reproduce,"Remove this pointwise claim or freeze the underlying full New York trajectory and a reproducible calculation.","The frozen Figure 3 wave medians are 0.510 and 0.446, not a pointwise series."
APP-001,appendix,Appendix A Model,1,"second-order integrated Wiener process and four seasonal harmonics",model_parameter,appendix_and_code,"R/europe_model.R;config/manuscript_analysis_contract.yml",model.iwp2.m4,"IWP2; m=4","IWP2; m=4",verified_exact,,"Accepted-view Appendix wording matches the corrected Europe model."
APP-002,appendix,Appendix A Model,2,"pre-2020 data",training_endpoint,contract,"config/manuscript_analysis_contract.yml",contract.training_endpoint,"pre-2020","through 2019-12-31",verified_exact,,"Training endpoint is frozen."
APP-003,appendix,Appendix A Model,2,"three components and priors h=5 u=0.1 alpha=0.01; seasonal h=1",model_parameter,code,"R/europe_model.R",model.priors,"three components and stated priors","matches corrected Europe model implementation",supported_qualitatively,,"Retain exact package parameterization in Methods/Appendix."
APP-004,appendix,Appendix A Offset,3,"monthly US calendar-day offset and weekly zero offset",offset,code,"R/figures.R;config/manuscript_analysis_contract.yml",model.offset,"monthly calendar days; weekly zero","monthly calendar-month length adjustment; weekly no offset",verified_exact,,"Do not describe this as a population denominator."
APP-005,appendix,Appendix B P-score,1,"P-score equals 100 times observed minus expected divided by expected",equation,definition,"appendices_tracked.docx",appendix.pscore,"100*(observed-expected)/expected","100*(observed-expected)/expected",verified_exact,,"Keep pointwise versus wave aggregation definitions separate."
APP-006,appendix,Appendix B Combined ages,2,"US 0-44, 45-64 and 65-84 combine to 0-84; other regions 40-59 and 60-79 combine to 40-79",age_aggregation,contract,"config/manuscript_analysis_contract.yml",contract.combined_ages,"US 0-84; others 40-79","Figure 5 US 0-84 and Europe 40-79; Figure 4 US and Europe 40-79",requires_manuscript_edit,"Qualify the equation by figure: Figure 4 US combines 40-59 and 60-79, whereas Figure 5 US combines 0-44, 45-64 and 65-84.","The current Appendix wording overgeneralizes the US combined-age estimand."
APP-007,appendix,Appendix B Pooling,3,"inverse-variance pooling",aggregation,code,"R/figures.R",analysis.inverse_variance,"inverse variance","inverse-variance fixed-effect pooling with normal-approximation intervals",verified_exact,,"Name the interval method consistently."
