"figure","region","geography","age_group","status","reason","geography_label"
"figure_04","europe","AM","20-39","available",,"Armenia"
"figure_04","europe","AT","20-39","available",,"Austria"
"figure_04","europe","BE","20-39","available",,"Belgium"
"figure_04","europe","BG","20-39","available",,"Bulgaria"
"figure_04","europe","HR","20-39","available",,"Croatia"
"figure_04","europe","CY","20-39","available",,"Cyprus"
"figure_04","europe","CZ","20-39","available",,"Czechia"
"figure_04","europe","DK","20-39","available",,"Denmark"
"figure_04","europe","EE","20-39","available",,"Estonia"
"figure_04","europe","FI","20-39","available",,"Finland"
"figure_04","europe","FR","20-39","available",,"France"
"figure_04","europe","DE","20-39","available",,"Germany"
"figure_04","europe","EL","20-39","available",,"Greece"
"figure_04","europe","HU","20-39","available",,"Hungary"
"figure_04","europe","IS","20-39","available",,"Iceland"
"figure_04","europe","IT","20-39","available",,"Italy"
"figure_04","europe","LV","20-39","available",,"Latvia"
"figure_04","europe","LI","20-39","available",,"Liechtenstein"
"figure_04","europe","LT","20-39","available",,"Lithuania"
"figure_04","europe","LU","20-39","available",,"Luxembourg"
"figure_04","europe","MT","20-39","available",,"Malta"
"figure_04","europe","ME","20-39","available",,"Montenegro"
"figure_04","europe","NL","20-39","available",,"Netherlands"
"figure_04","europe","NO","20-39","available",,"Norway"
"figure_04","europe","PL","20-39","available",,"Poland"
"figure_04","europe","PT","20-39","available",,"Portugal"
"figure_04","europe","RO","20-39","available",,"Romania"
"figure_04","europe","RS","20-39","available",,"Serbia"
"figure_04","europe","SK","20-39","available",,"Slovakia"
"figure_04","europe","SI","20-39","available",,"Slovenia"
"figure_04","europe","ES","20-39","available",,"Spain"
"figure_04","europe","SE","20-39","available",,"Sweden"
"figure_04","europe","CH","20-39","available",,"Switzerland"
"figure_04","europe","AM","40-59","available",,"Armenia"
"figure_04","europe","AT","40-59","available",,"Austria"
"figure_04","europe","BE","40-59","available",,"Belgium"
"figure_04","europe","BG","40-59","available",,"Bulgaria"
"figure_04","europe","HR","40-59","available",,"Croatia"
"figure_04","europe","CY","40-59","available",,"Cyprus"
"figure_04","europe","CZ","40-59","available",,"Czechia"
"figure_04","europe","DK","40-59","available",,"Denmark"
"figure_04","europe","EE","40-59","available",,"Estonia"
"figure_04","europe","FI","40-59","available",,"Finland"
"figure_04","europe","FR","40-59","available",,"France"
"figure_04","europe","DE","40-59","available",,"Germany"
"figure_04","europe","EL","40-59","available",,"Greece"
"figure_04","europe","HU","40-59","available",,"Hungary"
"figure_04","europe","IS","40-59","available",,"Iceland"
"figure_04","europe","IT","40-59","available",,"Italy"
"figure_04","europe","LV","40-59","available",,"Latvia"
"figure_04","europe","LI","40-59","available",,"Liechtenstein"
"figure_04","europe","LT","40-59","available",,"Lithuania"
"figure_04","europe","LU","40-59","available",,"Luxembourg"
"figure_04","europe","MT","40-59","available",,"Malta"
"figure_04","europe","ME","40-59","available",,"Montenegro"
"figure_04","europe","NL","40-59","available",,"Netherlands"
"figure_04","europe","NO","40-59","available",,"Norway"
"figure_04","europe","PL","40-59","available",,"Poland"
"figure_04","europe","PT","40-59","available",,"Portugal"
"figure_04","europe","RO","40-59","available",,"Romania"
"figure_04","europe","RS","40-59","available",,"Serbia"
"figure_04","europe","SK","40-59","available",,"Slovakia"
"figure_04","europe","SI","40-59","available",,"Slovenia"
"figure_04","europe","ES","40-59","available",,"Spain"
"figure_04","europe","SE","40-59","available",,"Sweden"
"figure_04","europe","CH","40-59","available",,"Switzerland"
"figure_04","europe","AM","60-79","available",,"Armenia"
"figure_04","europe","AT","60-79","available",,"Austria"
"figure_04","europe","BE","60-79","available",,"Belgium"
"figure_04","europe","BG","60-79","available",,"Bulgaria"
"figure_04","europe","HR","60-79","available",,"Croatia"
"figure_04","europe","CY","60-79","available",,"Cyprus"
"figure_04","europe","CZ","60-79","available",,"Czechia"
"figure_04","europe","DK","60-79","available",,"Denmark"
"figure_04","europe","EE","60-79","available",,"Estonia"
"figure_04","europe","FI","60-79","available",,"Finland"
"figure_04","europe","FR","60-79","available",,"France"
"figure_04","europe","DE","60-79","available",,"Germany"
"figure_04","europe","EL","60-79","available",,"Greece"
"figure_04","europe","HU","60-79","available",,"Hungary"
"figure_04","europe","IS","60-79","available",,"Iceland"
"figure_04","europe","IT","60-79","available",,"Italy"
"figure_04","europe","LV","60-79","available",,"Latvia"
"figure_04","europe","LI","60-79","available",,"Liechtenstein"
"figure_04","europe","LT","60-79","available",,"Lithuania"
"figure_04","europe","LU","60-79","available",,"Luxembourg"
"figure_04","europe","MT","60-79","available",,"Malta"
"figure_04","europe","ME","60-79","available",,"Montenegro"
"figure_04","europe","NL","60-79","available",,"Netherlands"
"figure_04","europe","NO","60-79","available",,"Norway"
"figure_04","europe","PL","60-79","available",,"Poland"
"figure_04","europe","PT","60-79","available",,"Portugal"
"figure_04","europe","RO","60-79","available",,"Romania"
"figure_04","europe","RS","60-79","available",,"Serbia"
"figure_04","europe","SK","60-79","available",,"Slovakia"
"figure_04","europe","SI","60-79","available",,"Slovenia"
"figure_04","europe","ES","60-79","available",,"Spain"
"figure_04","europe","SE","60-79","available",,"Sweden"
"figure_04","europe","CH","60-79","available",,"Switzerland"
"figure_04","europe","AM","GE80","available",,"Armenia"
"figure_04","europe","AT","GE80","available",,"Austria"
"figure_04","europe","BE","GE80","available",,"Belgium"
"figure_04","europe","BG","GE80","available",,"Bulgaria"
"figure_04","europe","HR","GE80","available",,"Croatia"
"figure_04","europe","CY","GE80","available",,"Cyprus"
"figure_04","europe","CZ","GE80","available",,"Czechia"
"figure_04","europe","DK","GE80","available",,"Denmark"
"figure_04","europe","EE","GE80","available",,"Estonia"
"figure_04","europe","FI","GE80","available",,"Finland"
"figure_04","europe","FR","GE80","available",,"France"
"figure_04","europe","DE","GE80","available",,"Germany"
"figure_04","europe","EL","GE80","available",,"Greece"
"figure_04","europe","HU","GE80","available",,"Hungary"
"figure_04","europe","IS","GE80","available",,"Iceland"
"figure_04","europe","IT","GE80","available",,"Italy"
"figure_04","europe","LV","GE80","available",,"Latvia"
"figure_04","europe","LI","GE80","available",,"Liechtenstein"
"figure_04","europe","LT","GE80","available",,"Lithuania"
"figure_04","europe","LU","GE80","available",,"Luxembourg"
"figure_04","europe","MT","GE80","available",,"Malta"
"figure_04","europe","ME","GE80","available",,"Montenegro"
"figure_04","europe","NL","GE80","available",,"Netherlands"
"figure_04","europe","NO","GE80","available",,"Norway"
"figure_04","europe","PL","GE80","available",,"Poland"
"figure_04","europe","PT","GE80","available",,"Portugal"
"figure_04","europe","RO","GE80","available",,"Romania"
"figure_04","europe","RS","GE80","available",,"Serbia"
"figure_04","europe","SK","GE80","available",,"Slovakia"
"figure_04","europe","SI","GE80","available",,"Slovenia"
"figure_04","europe","ES","GE80","available",,"Spain"
"figure_04","europe","SE","GE80","available",,"Sweden"
"figure_04","europe","CH","GE80","available",,"Switzerland"
"figure_04","us","Alabama","20-39","available",,"Alabama"
"figure_04","us","Alaska","20-39","available",,"Alaska"
"figure_04","us","Arizona","20-39","available",,"Arizona"
"figure_04","us","Arkansas","20-39","available",,"Arkansas"
"figure_04","us","California","20-39","available",,"California"
"figure_04","us","Colorado","20-39","available",,"Colorado"
"figure_04","us","Connecticut","20-39","available",,"Connecticut"
"figure_04","us","Delaware","20-39","available",,"Delaware"
"figure_04","us","District of Columbia","20-39","available",,"District of Columbia"
"figure_04","us","Florida","20-39","available",,"Florida"
"figure_04","us","Georgia","20-39","available",,"Georgia"
"figure_04","us","Hawaii","20-39","available",,"Hawaii"
"figure_04","us","Idaho","20-39","available",,"Idaho"
"figure_04","us","Illinois","20-39","available",,"Illinois"
"figure_04","us","Indiana","20-39","available",,"Indiana"
"figure_04","us","Iowa","20-39","available",,"Iowa"
"figure_04","us","Kansas","20-39","available",,"Kansas"
"figure_04","us","Kentucky","20-39","available",,"Kentucky"
"figure_04","us","Louisiana","20-39","available",,"Louisiana"
"figure_04","us","Maine","20-39","available",,"Maine"
"figure_04","us","Maryland","20-39","available",,"Maryland"
"figure_04","us","Massachusetts","20-39","available",,"Massachusetts"
"figure_04","us","Michigan","20-39","available",,"Michigan"
"figure_04","us","Minnesota","20-39","available",,"Minnesota"
"figure_04","us","Mississippi","20-39","available",,"Mississippi"
"figure_04","us","Missouri","20-39","available",,"Missouri"
"figure_04","us","Montana","20-39","available",,"Montana"
"figure_04","us","Nebraska","20-39","available",,"Nebraska"
"figure_04","us","Nevada","20-39","available",,"Nevada"
"figure_04","us","New Hampshire","20-39","available",,"New Hampshire"
"figure_04","us","New Jersey","20-39","available",,"New Jersey"
"figure_04","us","New Mexico","20-39","available",,"New Mexico"
"figure_04","us","New York","20-39","available",,"New York"
"figure_04","us","North Carolina","20-39","available",,"North Carolina"
"figure_04","us","North Dakota","20-39","available",,"North Dakota"
"figure_04","us","Ohio","20-39","available",,"Ohio"
"figure_04","us","Oklahoma","20-39","available",,"Oklahoma"
"figure_04","us","Oregon","20-39","available",,"Oregon"
"figure_04","us","Pennsylvania","20-39","available",,"Pennsylvania"
"figure_04","us","Rhode Island","20-39","available",,"Rhode Island"
"figure_04","us","South Carolina","20-39","available",,"South Carolina"
"figure_04","us","South Dakota","20-39","available",,"South Dakota"
"figure_04","us","Tennessee","20-39","available",,"Tennessee"
"figure_04","us","Texas","20-39","available",,"Texas"
"figure_04","us","Utah","20-39","available",,"Utah"
"figure_04","us","Vermont","20-39","available",,"Vermont"
"figure_04","us","Virginia","20-39","available",,"Virginia"
"figure_04","us","Washington","20-39","available",,"Washington"
"figure_04","us","West Virginia","20-39","available",,"West Virginia"
"figure_04","us","Wisconsin","20-39","available",,"Wisconsin"
"figure_04","us","Wyoming","20-39","available",,"Wyoming"
"figure_04","us","Alabama","40-59","available",,"Alabama"
"figure_04","us","Alaska","40-59","available",,"Alaska"
"figure_04","us","Arizona","40-59","available",,"Arizona"
"figure_04","us","Arkansas","40-59","available",,"Arkansas"
"figure_04","us","California","40-59","available",,"California"
"figure_04","us","Colorado","40-59","available",,"Colorado"
"figure_04","us","Connecticut","40-59","available",,"Connecticut"
"figure_04","us","Delaware","40-59","available",,"Delaware"
"figure_04","us","District of Columbia","40-59","available",,"District of Columbia"
"figure_04","us","Florida","40-59","available",,"Florida"
"figure_04","us","Georgia","40-59","available",,"Georgia"
"figure_04","us","Hawaii","40-59","available",,"Hawaii"
"figure_04","us","Idaho","40-59","available",,"Idaho"
"figure_04","us","Illinois","40-59","available",,"Illinois"
"figure_04","us","Indiana","40-59","available",,"Indiana"
"figure_04","us","Iowa","40-59","available",,"Iowa"
"figure_04","us","Kansas","40-59","available",,"Kansas"
"figure_04","us","Kentucky","40-59","available",,"Kentucky"
"figure_04","us","Louisiana","40-59","available",,"Louisiana"
"figure_04","us","Maine","40-59","available",,"Maine"
"figure_04","us","Maryland","40-59","available",,"Maryland"
"figure_04","us","Massachusetts","40-59","available",,"Massachusetts"
"figure_04","us","Michigan","40-59","available",,"Michigan"
"figure_04","us","Minnesota","40-59","available",,"Minnesota"
"figure_04","us","Mississippi","40-59","available",,"Mississippi"
"figure_04","us","Missouri","40-59","available",,"Missouri"
"figure_04","us","Montana","40-59","available",,"Montana"
"figure_04","us","Nebraska","40-59","available",,"Nebraska"
"figure_04","us","Nevada","40-59","available",,"Nevada"
"figure_04","us","New Hampshire","40-59","available",,"New Hampshire"
"figure_04","us","New Jersey","40-59","available",,"New Jersey"
"figure_04","us","New Mexico","40-59","available",,"New Mexico"
"figure_04","us","New York","40-59","available",,"New York"
"figure_04","us","North Carolina","40-59","available",,"North Carolina"
"figure_04","us","North Dakota","40-59","available",,"North Dakota"
"figure_04","us","Ohio","40-59","available",,"Ohio"
"figure_04","us","Oklahoma","40-59","available",,"Oklahoma"
"figure_04","us","Oregon","40-59","available",,"Oregon"
"figure_04","us","Pennsylvania","40-59","available",,"Pennsylvania"
"figure_04","us","Rhode Island","40-59","available",,"Rhode Island"
"figure_04","us","South Carolina","40-59","available",,"South Carolina"
"figure_04","us","South Dakota","40-59","available",,"South Dakota"
"figure_04","us","Tennessee","40-59","available",,"Tennessee"
"figure_04","us","Texas","40-59","available",,"Texas"
"figure_04","us","Utah","40-59","available",,"Utah"
"figure_04","us","Vermont","40-59","available",,"Vermont"
"figure_04","us","Virginia","40-59","available",,"Virginia"
"figure_04","us","Washington","40-59","available",,"Washington"
"figure_04","us","West Virginia","40-59","available",,"West Virginia"
"figure_04","us","Wisconsin","40-59","available",,"Wisconsin"
"figure_04","us","Wyoming","40-59","available",,"Wyoming"
"figure_04","us","Alabama","60-79","available",,"Alabama"
"figure_04","us","Alaska","60-79","available",,"Alaska"
"figure_04","us","Arizona","60-79","available",,"Arizona"
"figure_04","us","Arkansas","60-79","available",,"Arkansas"
"figure_04","us","California","60-79","available",,"California"
"figure_04","us","Colorado","60-79","available",,"Colorado"
"figure_04","us","Connecticut","60-79","available",,"Connecticut"
"figure_04","us","Delaware","60-79","available",,"Delaware"
"figure_04","us","District of Columbia","60-79","available",,"District of Columbia"
"figure_04","us","Florida","60-79","available",,"Florida"
"figure_04","us","Georgia","60-79","available",,"Georgia"
"figure_04","us","Hawaii","60-79","available",,"Hawaii"
"figure_04","us","Idaho","60-79","available",,"Idaho"
"figure_04","us","Illinois","60-79","available",,"Illinois"
"figure_04","us","Indiana","60-79","available",,"Indiana"
"figure_04","us","Iowa","60-79","available",,"Iowa"
"figure_04","us","Kansas","60-79","available",,"Kansas"
"figure_04","us","Kentucky","60-79","available",,"Kentucky"
"figure_04","us","Louisiana","60-79","available",,"Louisiana"
"figure_04","us","Maine","60-79","available",,"Maine"
"figure_04","us","Maryland","60-79","available",,"Maryland"
"figure_04","us","Massachusetts","60-79","available",,"Massachusetts"
"figure_04","us","Michigan","60-79","available",,"Michigan"
"figure_04","us","Minnesota","60-79","available",,"Minnesota"
"figure_04","us","Mississippi","60-79","available",,"Mississippi"
"figure_04","us","Missouri","60-79","available",,"Missouri"
"figure_04","us","Montana","60-79","available",,"Montana"
"figure_04","us","Nebraska","60-79","available",,"Nebraska"
"figure_04","us","Nevada","60-79","available",,"Nevada"
"figure_04","us","New Hampshire","60-79","available",,"New Hampshire"
"figure_04","us","New Jersey","60-79","available",,"New Jersey"
"figure_04","us","New Mexico","60-79","available",,"New Mexico"
"figure_04","us","New York","60-79","available",,"New York"
"figure_04","us","North Carolina","60-79","available",,"North Carolina"
"figure_04","us","North Dakota","60-79","available",,"North Dakota"
"figure_04","us","Ohio","60-79","available",,"Ohio"
"figure_04","us","Oklahoma","60-79","available",,"Oklahoma"
"figure_04","us","Oregon","60-79","available",,"Oregon"
"figure_04","us","Pennsylvania","60-79","available",,"Pennsylvania"
"figure_04","us","Rhode Island","60-79","available",,"Rhode Island"
"figure_04","us","South Carolina","60-79","available",,"South Carolina"
"figure_04","us","South Dakota","60-79","available",,"South Dakota"
"figure_04","us","Tennessee","60-79","available",,"Tennessee"
"figure_04","us","Texas","60-79","available",,"Texas"
"figure_04","us","Utah","60-79","available",,"Utah"
"figure_04","us","Vermont","60-79","available",,"Vermont"
"figure_04","us","Virginia","60-79","available",,"Virginia"
"figure_04","us","Washington","60-79","available",,"Washington"
"figure_04","us","West Virginia","60-79","available",,"West Virginia"
"figure_04","us","Wisconsin","60-79","available",,"Wisconsin"
"figure_04","us","Wyoming","60-79","available",,"Wyoming"
"figure_04","us","Alabama","GE80","available",,"Alabama"
"figure_04","us","Alaska","GE80","available",,"Alaska"
"figure_04","us","Arizona","GE80","available",,"Arizona"
"figure_04","us","Arkansas","GE80","available",,"Arkansas"
"figure_04","us","California","GE80","available",,"California"
"figure_04","us","Colorado","GE80","available",,"Colorado"
"figure_04","us","Connecticut","GE80","available",,"Connecticut"
"figure_04","us","Delaware","GE80","available",,"Delaware"
"figure_04","us","District of Columbia","GE80","available",,"District of Columbia"
"figure_04","us","Florida","GE80","available",,"Florida"
"figure_04","us","Georgia","GE80","available",,"Georgia"
"figure_04","us","Hawaii","GE80","available",,"Hawaii"
"figure_04","us","Idaho","GE80","available",,"Idaho"
"figure_04","us","Illinois","GE80","available",,"Illinois"
"figure_04","us","Indiana","GE80","available",,"Indiana"
"figure_04","us","Iowa","GE80","available",,"Iowa"
"figure_04","us","Kansas","GE80","available",,"Kansas"
"figure_04","us","Kentucky","GE80","available",,"Kentucky"
"figure_04","us","Louisiana","GE80","available",,"Louisiana"
"figure_04","us","Maine","GE80","available",,"Maine"
"figure_04","us","Maryland","GE80","available",,"Maryland"
"figure_04","us","Massachusetts","GE80","available",,"Massachusetts"
"figure_04","us","Michigan","GE80","available",,"Michigan"
"figure_04","us","Minnesota","GE80","available",,"Minnesota"
"figure_04","us","Mississippi","GE80","available",,"Mississippi"
"figure_04","us","Missouri","GE80","available",,"Missouri"
"figure_04","us","Montana","GE80","available",,"Montana"
"figure_04","us","Nebraska","GE80","available",,"Nebraska"
"figure_04","us","Nevada","GE80","available",,"Nevada"
"figure_04","us","New Hampshire","GE80","available",,"New Hampshire"
"figure_04","us","New Jersey","GE80","available",,"New Jersey"
"figure_04","us","New Mexico","GE80","available",,"New Mexico"
"figure_04","us","New York","GE80","available",,"New York"
"figure_04","us","North Carolina","GE80","available",,"North Carolina"
"figure_04","us","North Dakota","GE80","available",,"North Dakota"
"figure_04","us","Ohio","GE80","available",,"Ohio"
"figure_04","us","Oklahoma","GE80","available",,"Oklahoma"
"figure_04","us","Oregon","GE80","available",,"Oregon"
"figure_04","us","Pennsylvania","GE80","available",,"Pennsylvania"
"figure_04","us","Rhode Island","GE80","available",,"Rhode Island"
"figure_04","us","South Carolina","GE80","available",,"South Carolina"
"figure_04","us","South Dakota","GE80","available",,"South Dakota"
"figure_04","us","Tennessee","GE80","available",,"Tennessee"
"figure_04","us","Texas","GE80","available",,"Texas"
"figure_04","us","Utah","GE80","available",,"Utah"
"figure_04","us","Vermont","GE80","available",,"Vermont"
"figure_04","us","Virginia","GE80","available",,"Virginia"
"figure_04","us","Washington","GE80","available",,"Washington"
"figure_04","us","West Virginia","GE80","available",,"West Virginia"
"figure_04","us","Wisconsin","GE80","available",,"Wisconsin"
"figure_04","us","Wyoming","GE80","available",,"Wyoming"
"figure_05","europe","AM","20-39","available",,"Armenia"
"figure_05","europe","AT","20-39","available",,"Austria"
"figure_05","europe","BE","20-39","available",,"Belgium"
"figure_05","europe","BG","20-39","available",,"Bulgaria"
"figure_05","europe","HR","20-39","available",,"Croatia"
"figure_05","europe","CY","20-39","available",,"Cyprus"
"figure_05","europe","CZ","20-39","available",,"Czechia"
"figure_05","europe","DK","20-39","available",,"Denmark"
"figure_05","europe","EE","20-39","available",,"Estonia"
"figure_05","europe","FI","20-39","available",,"Finland"
"figure_05","europe","FR","20-39","available",,"France"
"figure_05","europe","DE","20-39","unavailable","paired_registry_rows_missing","Germany"
"figure_05","europe","EL","20-39","available",,"Greece"
"figure_05","europe","HU","20-39","available",,"Hungary"
"figure_05","europe","IS","20-39","available",,"Iceland"
"figure_05","europe","IT","20-39","available",,"Italy"
"figure_05","europe","LV","20-39","available",,"Latvia"
"figure_05","europe","LI","20-39","available",,"Liechtenstein"
"figure_05","europe","LT","20-39","available",,"Lithuania"
"figure_05","europe","LU","20-39","available",,"Luxembourg"
"figure_05","europe","MT","20-39","available",,"Malta"
"figure_05","europe","ME","20-39","available",,"Montenegro"
"figure_05","europe","NL","20-39","available",,"Netherlands"
"figure_05","europe","NO","20-39","available",,"Norway"
"figure_05","europe","PL","20-39","available",,"Poland"
"figure_05","europe","PT","20-39","available",,"Portugal"
"figure_05","europe","RO","20-39","available",,"Romania"
"figure_05","europe","RS","20-39","available",,"Serbia"
"figure_05","europe","SK","20-39","available",,"Slovakia"
"figure_05","europe","SI","20-39","available",,"Slovenia"
"figure_05","europe","ES","20-39","available",,"Spain"
"figure_05","europe","SE","20-39","available",,"Sweden"
"figure_05","europe","CH","20-39","available",,"Switzerland"
"figure_05","europe","AM","40-59","available",,"Armenia"
"figure_05","europe","AT","40-59","available",,"Austria"
"figure_05","europe","BE","40-59","available",,"Belgium"
"figure_05","europe","BG","40-59","available",,"Bulgaria"
"figure_05","europe","HR","40-59","available",,"Croatia"
"figure_05","europe","CY","40-59","available",,"Cyprus"
"figure_05","europe","CZ","40-59","available",,"Czechia"
"figure_05","europe","DK","40-59","available",,"Denmark"
"figure_05","europe","EE","40-59","available",,"Estonia"
"figure_05","europe","FI","40-59","available",,"Finland"
"figure_05","europe","FR","40-59","available",,"France"
"figure_05","europe","DE","40-59","unavailable","paired_registry_rows_missing","Germany"
"figure_05","europe","EL","40-59","available",,"Greece"
"figure_05","europe","HU","40-59","available",,"Hungary"
"figure_05","europe","IS","40-59","available",,"Iceland"
"figure_05","europe","IT","40-59","available",,"Italy"
"figure_05","europe","LV","40-59","available",,"Latvia"
"figure_05","europe","LI","40-59","available",,"Liechtenstein"
"figure_05","europe","LT","40-59","available",,"Lithuania"
"figure_05","europe","LU","40-59","available",,"Luxembourg"
"figure_05","europe","MT","40-59","available",,"Malta"
"figure_05","europe","ME","40-59","available",,"Montenegro"
"figure_05","europe","NL","40-59","available",,"Netherlands"
"figure_05","europe","NO","40-59","available",,"Norway"
"figure_05","europe","PL","40-59","available",,"Poland"
"figure_05","europe","PT","40-59","available",,"Portugal"
"figure_05","europe","RO","40-59","available",,"Romania"
"figure_05","europe","RS","40-59","available",,"Serbia"
"figure_05","europe","SK","40-59","available",,"Slovakia"
"figure_05","europe","SI","40-59","available",,"Slovenia"
"figure_05","europe","ES","40-59","available",,"Spain"
"figure_05","europe","SE","40-59","available",,"Sweden"
"figure_05","europe","CH","40-59","available",,"Switzerland"
"figure_05","europe","AM","60-79","available",,"Armenia"
"figure_05","europe","AT","60-79","available",,"Austria"
"figure_05","europe","BE","60-79","available",,"Belgium"
"figure_05","europe","BG","60-79","available",,"Bulgaria"
"figure_05","europe","HR","60-79","available",,"Croatia"
"figure_05","europe","CY","60-79","available",,"Cyprus"
"figure_05","europe","CZ","60-79","available",,"Czechia"
"figure_05","europe","DK","60-79","available",,"Denmark"
"figure_05","europe","EE","60-79","available",,"Estonia"
"figure_05","europe","FI","60-79","available",,"Finland"
"figure_05","europe","FR","60-79","available",,"France"
"figure_05","europe","DE","60-79","unavailable","paired_registry_rows_missing","Germany"
"figure_05","europe","EL","60-79","available",,"Greece"
"figure_05","europe","HU","60-79","available",,"Hungary"
"figure_05","europe","IS","60-79","available",,"Iceland"
"figure_05","europe","IT","60-79","available",,"Italy"
"figure_05","europe","LV","60-79","available",,"Latvia"
"figure_05","europe","LI","60-79","available",,"Liechtenstein"
"figure_05","europe","LT","60-79","available",,"Lithuania"
"figure_05","europe","LU","60-79","available",,"Luxembourg"
"figure_05","europe","MT","60-79","available",,"Malta"
"figure_05","europe","ME","60-79","available",,"Montenegro"
"figure_05","europe","NL","60-79","available",,"Netherlands"
"figure_05","europe","NO","60-79","available",,"Norway"
"figure_05","europe","PL","60-79","available",,"Poland"
"figure_05","europe","PT","60-79","available",,"Portugal"
"figure_05","europe","RO","60-79","available",,"Romania"
"figure_05","europe","RS","60-79","available",,"Serbia"
"figure_05","europe","SK","60-79","available",,"Slovakia"
"figure_05","europe","SI","60-79","available",,"Slovenia"
"figure_05","europe","ES","60-79","available",,"Spain"
"figure_05","europe","SE","60-79","available",,"Sweden"
"figure_05","europe","CH","60-79","available",,"Switzerland"
"figure_05","europe","AM","GE80","available",,"Armenia"
"figure_05","europe","AT","GE80","available",,"Austria"
"figure_05","europe","BE","GE80","available",,"Belgium"
"figure_05","europe","BG","GE80","available",,"Bulgaria"
"figure_05","europe","HR","GE80","available",,"Croatia"
"figure_05","europe","CY","GE80","available",,"Cyprus"
"figure_05","europe","CZ","GE80","available",,"Czechia"
"figure_05","europe","DK","GE80","available",,"Denmark"
"figure_05","europe","EE","GE80","available",,"Estonia"
"figure_05","europe","FI","GE80","available",,"Finland"
"figure_05","europe","FR","GE80","available",,"France"
"figure_05","europe","DE","GE80","unavailable","paired_registry_rows_missing","Germany"
"figure_05","europe","EL","GE80","available",,"Greece"
"figure_05","europe","HU","GE80","available",,"Hungary"
"figure_05","europe","IS","GE80","available",,"Iceland"
"figure_05","europe","IT","GE80","available",,"Italy"
"figure_05","europe","LV","GE80","available",,"Latvia"
"figure_05","europe","LI","GE80","available",,"Liechtenstein"
"figure_05","europe","LT","GE80","available",,"Lithuania"
"figure_05","europe","LU","GE80","available",,"Luxembourg"
"figure_05","europe","MT","GE80","available",,"Malta"
"figure_05","europe","ME","GE80","available",,"Montenegro"
"figure_05","europe","NL","GE80","available",,"Netherlands"
"figure_05","europe","NO","GE80","available",,"Norway"
"figure_05","europe","PL","GE80","available",,"Poland"
"figure_05","europe","PT","GE80","available",,"Portugal"
"figure_05","europe","RO","GE80","available",,"Romania"
"figure_05","europe","RS","GE80","available",,"Serbia"
"figure_05","europe","SK","GE80","available",,"Slovakia"
"figure_05","europe","SI","GE80","available",,"Slovenia"
"figure_05","europe","ES","GE80","available",,"Spain"
"figure_05","europe","SE","GE80","available",,"Sweden"
"figure_05","europe","CH","GE80","available",,"Switzerland"
"figure_05","us","Alabama","0-44","available",,"Alabama"
"figure_05","us","Alaska","0-44","available",,"Alaska"
"figure_05","us","Arizona","0-44","available",,"Arizona"
"figure_05","us","Arkansas","0-44","available",,"Arkansas"
"figure_05","us","California","0-44","available",,"California"
"figure_05","us","Colorado","0-44","available",,"Colorado"
"figure_05","us","Connecticut","0-44","available",,"Connecticut"
"figure_05","us","Delaware","0-44","available",,"Delaware"
"figure_05","us","District of Columbia","0-44","available",,"District of Columbia"
"figure_05","us","Florida","0-44","available",,"Florida"
"figure_05","us","Georgia","0-44","available",,"Georgia"
"figure_05","us","Hawaii","0-44","available",,"Hawaii"
"figure_05","us","Idaho","0-44","available",,"Idaho"
"figure_05","us","Illinois","0-44","available",,"Illinois"
"figure_05","us","Indiana","0-44","available",,"Indiana"
"figure_05","us","Iowa","0-44","available",,"Iowa"
"figure_05","us","Kansas","0-44","available",,"Kansas"
"figure_05","us","Kentucky","0-44","available",,"Kentucky"
"figure_05","us","Louisiana","0-44","available",,"Louisiana"
"figure_05","us","Maine","0-44","available",,"Maine"
"figure_05","us","Maryland","0-44","available",,"Maryland"
"figure_05","us","Massachusetts","0-44","available",,"Massachusetts"
"figure_05","us","Michigan","0-44","available",,"Michigan"
"figure_05","us","Minnesota","0-44","available",,"Minnesota"
"figure_05","us","Mississippi","0-44","available",,"Mississippi"
"figure_05","us","Missouri","0-44","available",,"Missouri"
"figure_05","us","Montana","0-44","available",,"Montana"
"figure_05","us","Nebraska","0-44","available",,"Nebraska"
"figure_05","us","Nevada","0-44","available",,"Nevada"
"figure_05","us","New Hampshire","0-44","available",,"New Hampshire"
"figure_05","us","New Jersey","0-44","available",,"New Jersey"
"figure_05","us","New Mexico","0-44","available",,"New Mexico"
"figure_05","us","New York","0-44","available",,"New York"
"figure_05","us","North Carolina","0-44","available",,"North Carolina"
"figure_05","us","North Dakota","0-44","available",,"North Dakota"
"figure_05","us","Ohio","0-44","available",,"Ohio"
"figure_05","us","Oklahoma","0-44","available",,"Oklahoma"
"figure_05","us","Oregon","0-44","available",,"Oregon"
"figure_05","us","Pennsylvania","0-44","available",,"Pennsylvania"
"figure_05","us","Rhode Island","0-44","available",,"Rhode Island"
"figure_05","us","South Carolina","0-44","available",,"South Carolina"
"figure_05","us","South Dakota","0-44","available",,"South Dakota"
"figure_05","us","Tennessee","0-44","available",,"Tennessee"
"figure_05","us","Texas","0-44","available",,"Texas"
"figure_05","us","Utah","0-44","available",,"Utah"
"figure_05","us","Vermont","0-44","unavailable","Registered historical model failure","Vermont"
"figure_05","us","Virginia","0-44","available",,"Virginia"
"figure_05","us","Washington","0-44","available",,"Washington"
"figure_05","us","West Virginia","0-44","available",,"West Virginia"
"figure_05","us","Wisconsin","0-44","available",,"Wisconsin"
"figure_05","us","Wyoming","0-44","available",,"Wyoming"
"figure_05","us","Alabama","45-64","available",,"Alabama"
"figure_05","us","Alaska","45-64","available",,"Alaska"
"figure_05","us","Arizona","45-64","available",,"Arizona"
"figure_05","us","Arkansas","45-64","available",,"Arkansas"
"figure_05","us","California","45-64","available",,"California"
"figure_05","us","Colorado","45-64","available",,"Colorado"
"figure_05","us","Connecticut","45-64","available",,"Connecticut"
"figure_05","us","Delaware","45-64","available",,"Delaware"
"figure_05","us","District of Columbia","45-64","available",,"District of Columbia"
"figure_05","us","Florida","45-64","available",,"Florida"
"figure_05","us","Georgia","45-64","available",,"Georgia"
"figure_05","us","Hawaii","45-64","available",,"Hawaii"
"figure_05","us","Idaho","45-64","available",,"Idaho"
"figure_05","us","Illinois","45-64","available",,"Illinois"
"figure_05","us","Indiana","45-64","available",,"Indiana"
"figure_05","us","Iowa","45-64","available",,"Iowa"
"figure_05","us","Kansas","45-64","available",,"Kansas"
"figure_05","us","Kentucky","45-64","available",,"Kentucky"
"figure_05","us","Louisiana","45-64","available",,"Louisiana"
"figure_05","us","Maine","45-64","available",,"Maine"
"figure_05","us","Maryland","45-64","available",,"Maryland"
"figure_05","us","Massachusetts","45-64","available",,"Massachusetts"
"figure_05","us","Michigan","45-64","available",,"Michigan"
"figure_05","us","Minnesota","45-64","available",,"Minnesota"
"figure_05","us","Mississippi","45-64","available",,"Mississippi"
"figure_05","us","Missouri","45-64","available",,"Missouri"
"figure_05","us","Montana","45-64","available",,"Montana"
"figure_05","us","Nebraska","45-64","available",,"Nebraska"
"figure_05","us","Nevada","45-64","available",,"Nevada"
"figure_05","us","New Hampshire","45-64","available",,"New Hampshire"
"figure_05","us","New Jersey","45-64","available",,"New Jersey"
"figure_05","us","New Mexico","45-64","available",,"New Mexico"
"figure_05","us","New York","45-64","available",,"New York"
"figure_05","us","North Carolina","45-64","available",,"North Carolina"
"figure_05","us","North Dakota","45-64","available",,"North Dakota"
"figure_05","us","Ohio","45-64","available",,"Ohio"
"figure_05","us","Oklahoma","45-64","available",,"Oklahoma"
"figure_05","us","Oregon","45-64","available",,"Oregon"
"figure_05","us","Pennsylvania","45-64","available",,"Pennsylvania"
"figure_05","us","Rhode Island","45-64","available",,"Rhode Island"
"figure_05","us","South Carolina","45-64","available",,"South Carolina"
"figure_05","us","South Dakota","45-64","available",,"South Dakota"
"figure_05","us","Tennessee","45-64","available",,"Tennessee"
"figure_05","us","Texas","45-64","available",,"Texas"
"figure_05","us","Utah","45-64","available",,"Utah"
"figure_05","us","Vermont","45-64","available",,"Vermont"
"figure_05","us","Virginia","45-64","available",,"Virginia"
"figure_05","us","Washington","45-64","available",,"Washington"
"figure_05","us","West Virginia","45-64","available",,"West Virginia"
"figure_05","us","Wisconsin","45-64","available",,"Wisconsin"
"figure_05","us","Wyoming","45-64","available",,"Wyoming"
"figure_05","us","Alabama","65-84","available",,"Alabama"
"figure_05","us","Alaska","65-84","available",,"Alaska"
"figure_05","us","Arizona","65-84","available",,"Arizona"
"figure_05","us","Arkansas","65-84","available",,"Arkansas"
"figure_05","us","California","65-84","available",,"California"
"figure_05","us","Colorado","65-84","available",,"Colorado"
"figure_05","us","Connecticut","65-84","available",,"Connecticut"
"figure_05","us","Delaware","65-84","available",,"Delaware"
"figure_05","us","District of Columbia","65-84","available",,"District of Columbia"
"figure_05","us","Florida","65-84","available",,"Florida"
"figure_05","us","Georgia","65-84","available",,"Georgia"
"figure_05","us","Hawaii","65-84","available",,"Hawaii"
"figure_05","us","Idaho","65-84","available",,"Idaho"
"figure_05","us","Illinois","65-84","available",,"Illinois"
"figure_05","us","Indiana","65-84","available",,"Indiana"
"figure_05","us","Iowa","65-84","available",,"Iowa"
"figure_05","us","Kansas","65-84","available",,"Kansas"
"figure_05","us","Kentucky","65-84","available",,"Kentucky"
"figure_05","us","Louisiana","65-84","available",,"Louisiana"
"figure_05","us","Maine","65-84","available",,"Maine"
"figure_05","us","Maryland","65-84","available",,"Maryland"
"figure_05","us","Massachusetts","65-84","available",,"Massachusetts"
"figure_05","us","Michigan","65-84","available",,"Michigan"
"figure_05","us","Minnesota","65-84","available",,"Minnesota"
"figure_05","us","Mississippi","65-84","available",,"Mississippi"
"figure_05","us","Missouri","65-84","available",,"Missouri"
"figure_05","us","Montana","65-84","available",,"Montana"
"figure_05","us","Nebraska","65-84","available",,"Nebraska"
"figure_05","us","Nevada","65-84","available",,"Nevada"
"figure_05","us","New Hampshire","65-84","available",,"New Hampshire"
"figure_05","us","New Jersey","65-84","available",,"New Jersey"
"figure_05","us","New Mexico","65-84","available",,"New Mexico"
"figure_05","us","New York","65-84","available",,"New York"
"figure_05","us","North Carolina","65-84","available",,"North Carolina"
"figure_05","us","North Dakota","65-84","available",,"North Dakota"
"figure_05","us","Ohio","65-84","available",,"Ohio"
"figure_05","us","Oklahoma","65-84","available",,"Oklahoma"
"figure_05","us","Oregon","65-84","available",,"Oregon"
"figure_05","us","Pennsylvania","65-84","available",,"Pennsylvania"
"figure_05","us","Rhode Island","65-84","available",,"Rhode Island"
"figure_05","us","South Carolina","65-84","available",,"South Carolina"
"figure_05","us","South Dakota","65-84","available",,"South Dakota"
"figure_05","us","Tennessee","65-84","available",,"Tennessee"
"figure_05","us","Texas","65-84","available",,"Texas"
"figure_05","us","Utah","65-84","available",,"Utah"
"figure_05","us","Vermont","65-84","available",,"Vermont"
"figure_05","us","Virginia","65-84","available",,"Virginia"
"figure_05","us","Washington","65-84","available",,"Washington"
"figure_05","us","West Virginia","65-84","available",,"West Virginia"
"figure_05","us","Wisconsin","65-84","available",,"Wisconsin"
"figure_05","us","Wyoming","65-84","available",,"Wyoming"
"figure_05","us","Alabama","GE85","available",,"Alabama"
"figure_05","us","Alaska","GE85","available",,"Alaska"
"figure_05","us","Arizona","GE85","available",,"Arizona"
"figure_05","us","Arkansas","GE85","available",,"Arkansas"
"figure_05","us","California","GE85","available",,"California"
"figure_05","us","Colorado","GE85","available",,"Colorado"
"figure_05","us","Connecticut","GE85","available",,"Connecticut"
"figure_05","us","Delaware","GE85","available",,"Delaware"
"figure_05","us","District of Columbia","GE85","available",,"District of Columbia"
"figure_05","us","Florida","GE85","available",,"Florida"
"figure_05","us","Georgia","GE85","available",,"Georgia"
"figure_05","us","Hawaii","GE85","available",,"Hawaii"
"figure_05","us","Idaho","GE85","available",,"Idaho"
"figure_05","us","Illinois","GE85","available",,"Illinois"
"figure_05","us","Indiana","GE85","available",,"Indiana"
"figure_05","us","Iowa","GE85","available",,"Iowa"
"figure_05","us","Kansas","GE85","available",,"Kansas"
"figure_05","us","Kentucky","GE85","available",,"Kentucky"
"figure_05","us","Louisiana","GE85","available",,"Louisiana"
"figure_05","us","Maine","GE85","available",,"Maine"
"figure_05","us","Maryland","GE85","available",,"Maryland"
"figure_05","us","Massachusetts","GE85","available",,"Massachusetts"
"figure_05","us","Michigan","GE85","available",,"Michigan"
"figure_05","us","Minnesota","GE85","available",,"Minnesota"
"figure_05","us","Mississippi","GE85","available",,"Mississippi"
"figure_05","us","Missouri","GE85","available",,"Missouri"
"figure_05","us","Montana","GE85","available",,"Montana"
"figure_05","us","Nebraska","GE85","available",,"Nebraska"
"figure_05","us","Nevada","GE85","available",,"Nevada"
"figure_05","us","New Hampshire","GE85","available",,"New Hampshire"
"figure_05","us","New Jersey","GE85","available",,"New Jersey"
"figure_05","us","New Mexico","GE85","available",,"New Mexico"
"figure_05","us","New York","GE85","available",,"New York"
"figure_05","us","North Carolina","GE85","available",,"North Carolina"
"figure_05","us","North Dakota","GE85","available",,"North Dakota"
"figure_05","us","Ohio","GE85","available",,"Ohio"
"figure_05","us","Oklahoma","GE85","available",,"Oklahoma"
"figure_05","us","Oregon","GE85","available",,"Oregon"
"figure_05","us","Pennsylvania","GE85","available",,"Pennsylvania"
"figure_05","us","Rhode Island","GE85","available",,"Rhode Island"
"figure_05","us","South Carolina","GE85","available",,"South Carolina"
"figure_05","us","South Dakota","GE85","available",,"South Dakota"
"figure_05","us","Tennessee","GE85","available",,"Tennessee"
"figure_05","us","Texas","GE85","available",,"Texas"
"figure_05","us","Utah","GE85","available",,"Utah"
"figure_05","us","Vermont","GE85","available",,"Vermont"
"figure_05","us","Virginia","GE85","available",,"Virginia"
"figure_05","us","Washington","GE85","available",,"Washington"
"figure_05","us","West Virginia","GE85","available",,"West Virginia"
"figure_05","us","Wisconsin","GE85","available",,"Wisconsin"
"figure_05","us","Wyoming","GE85","available",,"Wyoming"
